406,Abomasnow,Calm,Lum Berry,Giga Drain,Ice Beam,Water Pulse,GrassWhistle,252,0,0,252,0,0
542,Abomasnow,Bold,Big Root,Giga Drain,Sheer Cold,Ingrain,Leech Seed,170,0,170,0,170,0
678,Abomasnow,Quiet,Occa Berry,Energy Ball,Blizzard,Shadow Ball,Focus Blast,252,0,0,252,0,0
814,Abomasnow,Brave,Shell Bell,Wood Hammer,Avalanche,Earthquake,Rock Slide,252,252,0,0,0,0
374,Absol,Jolly,Chople Berry,Sucker Punch,Facade,Double Team,Taunt,0,252,0,0,0,252
510,Absol,Adamant,Quick Claw,Punishment,Swagger,Attract,Thunder Wave,252,252,0,0,0,0
646,Absol,Jolly,Razor Claw,Night Slash,Psycho Cut,X-Scissor,Aerial Ace,0,252,0,0,0,252
782,Absol,Adamant,Choice Band,Night Slash,Superpower,Giga Impact,Zen Headbutt,0,252,0,0,0,252
443,Aerodactyl,Jolly,King's Rock,Rock Slide,Aerial Ace,Torment,Taunt,0,252,0,0,0,252
579,Aerodactyl,Jolly,Razor Fang,Bite,Fire Fang,Thunder Fang,Ice Fang,0,252,0,0,0,252
715,Aerodactyl,Adamant,Yache Berry,Giga Impact,Earthquake,Rock Slide,Crunch,0,252,0,0,0,252
851,Aerodactyl,Adamant,Choice Band,Stone Edge,Aerial Ace,Earthquake,Dragon Claw,0,252,0,0,0,252
463,Aggron,Adamant,Quick Claw,Iron Head,Rock Slide,Sandstorm,Screech,0,252,252,0,0,0
599,Aggron,Adamant,Quick Claw,Metal Claw,Fire Punch,ThunderPunch,Ice Punch,0,252,252,0,0,0
735,Aggron,Adamant,Muscle Band,Iron Tail,Dragon Rush,Avalanche,Aerial Ace,0,252,252,0,0,0
871,Aggron,Adamant,Focus Sash,Metal Burst,Stone Edge,Earthquake,Shadow Claw,0,252,252,0,0,0
105,Aipom,Adamant,Silk Scarf,Double Hit,U-turn,Thunder Wave,Fake Out,0,252,0,0,0,252
401,Alakazam,Timid,Brightpowder,Psychic,Shadow Ball,Calm Mind,Future Sight,0,0,0,252,0,252
537,Alakazam,Modest,Colbur Berry,Psychic,Focus Blast,Charge Beam,Recover,0,0,0,252,0,252
673,Alakazam,Timid,Wise Glasses,Psychic,Charge Beam,Signal Beam,Grass Knot,0,0,0,252,0,252
809,Alakazam,Modest,Expert Belt,Psychic,Shadow Ball,Energy Ball,Focus Blast,0,0,0,252,0,252
404,Altaria,Careful,Chesto Berry,Dragon Claw,Aerial Ace,Dragon Dance,Rest,0,252,0,0,252,0
540,Altaria,Modest,Shell Bell,Dragon Pulse,Ominous Wind,Sing,Perish Song,0,0,0,252,252,0
676,Altaria,Adamant,Brightpowder,Dragon Rush,Sky Attack,Earthquake,Dragon Dance,0,252,0,0,252,0
812,Altaria,Modest,White Herb,Draco Meteor,Air Cutter,Flamethrower,Ice Beam,0,0,0,252,0,252
393,Ambipom,Jolly,Muscle Band,Double Hit,Shadow Claw,Brick Break,Knock Off,0,252,0,0,0,252
529,Ambipom,Jolly,Metronome,Last Resort,Thunder Wave,Protect,Fake Out,0,252,0,0,0,252
665,Ambipom,Adamant,Life Orb,Double Hit,Gunk Shot,Seed Bomb,Aerial Ace,0,252,0,0,0,252
801,Ambipom,Adamant,Life Orb,Double Hit,Fire Punch,ThunderPunch,Ice Punch,0,252,0,0,0,252
420,Ampharos,Modest,Shuca Berry,Thunderbolt,Power Gem,Light Screen,Thunder Wave,0,0,0,252,252,0
556,Ampharos,Careful,Cheri Berry,ThunderPunch,Fire Punch,Focus Punch,Thunder Wave,0,252,0,0,252,0
692,Ampharos,Modest,Chesto Berry,Charge Beam,Hyper Beam,Thunder Wave,Rest,252,0,0,252,0,0
828,Ampharos,Quiet,Zoom Lens,Thunder,Focus Blast,Signal Beam,Power Gem,252,0,0,252,0,0
104,Anorith,Adamant,Metronome,Fury Cutter,Rock Blast,Metal Claw,Protect,0,252,0,0,0,252
194,Arbok,Adamant,Persim Berry,Poison Fang,Bite,Gastro Acid,Glare,252,252,0,0,0,0
294,Arbok,Docile,Payapa Berry,Sludge Bomb,Mud Bomb,Crunch,Glare,0,252,0,252,0,0
480,Arcanine,Jolly,Lum Berry,Fire Fang,ExtremeSpeed,Crunch,Will-O-Wisp,0,252,0,0,0,252
616,Arcanine,Jolly,Salac Berry,Flare Blitz,Thunder Fang,Reversal,Endure,0,252,0,0,0,252
752,Arcanine,Modest,White Herb,Overheat,SolarBeam,Dragon Pulse,Sunny Day,0,0,0,252,0,252
888,Arcanine,Adamant,Focus Band,Flare Blitz,ExtremeSpeed,Crunch,Thunder Fang,0,252,0,0,0,252
130,Ariados,Adamant,SilverPowder,Bug Bite,Toxic,Shadow Sneak,Spider Web,252,252,0,0,0,0
410,Armaldo,Adamant,Razor Claw,X-Scissor,Rock Slide,Earthquake,Iron Defense,0,252,0,0,252,0
546,Armaldo,Adamant,Scope Lens,Crush Claw,Aqua Tail,Aerial Ace,Swagger,0,252,0,0,252,0
682,Armaldo,Adamant,Choice Band,Stone Edge,Superpower,Earthquake,Giga Impact,0,252,252,0,0,0
818,Armaldo,Adamant,Life Orb,Stone Edge,X-Scissor,Earthquake,Cross Poison,0,252,252,0,0,0
74,Aron,Impish,Metal Coat,Metal Claw,Rock Tomb,Iron Defense,Protect,0,252,252,0,0,0
895,Articuno,Docile,Icy Rock,Blizzard,Fly,Roost,Hail,0,252,0,252,0,0
909,Articuno,Brave,Wacan Berry,Avalanche,Aerial Ace,Facade,Reflect,0,252,252,0,0,0
923,Articuno,Modest,Wise Glasses,Ice Beam,Signal Beam,Ominous Wind,Water Pulse,0,0,252,252,0,0
937,Articuno,Modest,Charti Berry,Ice Beam,Air Cutter,AncientPower,Sheer Cold,0,0,0,252,252,0
150,Azumarill,Quiet,Pecha Berry,BubbleBeam,Rollout,Defense Curl,Tail Whip,0,0,0,252,252,0
38,Bagon,Naughty,Dragon Fang,DragonBreath,Headbutt,Brick Break,Scary Face,0,252,252,0,0,0
36,Baltoy,Modest,Twisted Spoon,Psybeam,Mud-Slap,AncientPower,Light Screen,0,0,0,252,252,0
218,Banette,Adamant,Rawst Berry,Shadow Sneak,Knock Off,Will-O-Wisp,Spite,252,252,0,0,0,0
318,Banette,Adamant,Colbur Berry,Shadow Claw,Faint Attack,Will-O-Wisp,Trick Room,252,252,0,0,0,0
411,Bastiodon,Impish,Focus Band,Iron Head,Stone Edge,Swagger,Taunt,0,0,252,0,252,0
547,Bastiodon,Modest,Persim Berry,AncientPower,Flamethrower,Thunderbolt,Ice Beam,252,0,0,252,0,0
683,Bastiodon,Careful,Leftovers,Iron Head,Fissure,Double Team,Iron Defense,252,0,0,0,252,0
819,Bastiodon,Adamant,Focus Sash,Metal Burst,Stone Edge,Avalanche,Curse,252,252,0,0,0,0
154,Bayleef,Modest,Sitrus Berry,Magical Leaf,AncientPower,Safeguard,Light Screen,252,0,0,252,0,0
254,Bayleef,Hardy,Chesto Berry,Giga Drain,Body Slam,GrassWhistle,Rest,0,0,170,170,170,0
125,Beautifly,Modest,SilverPowder,Silver Wind,Air Cutter,Mega Drain,Attract,0,0,0,252,0,252
121,Beedrill,Jolly,Scope Lens,Twineedle,Toxic,Assurance,Agility,0,252,0,0,252,0
240,Bellossom,Modest,Petaya Berry,Magical Leaf,Acid,Tickle,Stun Spore,252,0,0,252,0,0
340,Bellossom,Modest,Brightpowder,SolarBeam,Sludge Bomb,Sunny Day,Synthesis,252,0,0,252,0,0
167,Bibarel,Docile,Chople Berry,Headbutt,Water Pulse,Quick Attack,Growl,0,252,0,252,0,0
267,Bibarel,Adamant,Shell Bell,Hyper Fang,Super Fang,Pluck,Attract,252,252,0,0,0,0
19,Bidoof,Adamant,Silk Scarf,Headbutt,Pluck,Growl,Yawn,252,252,0,0,0,0
353,Blastoise,Modest,Mystic Water,Hydro Pump,Signal Beam,Icy Wind,Mirror Coat,0,0,170,170,170,0
489,Blastoise,Adamant,Shell Bell,Waterfall,Focus Punch,Double Team,Aqua Ring,252,252,0,0,0,0
625,Blastoise,Adamant,Life Orb,Aqua Tail,Earthquake,Avalanche,Zen Headbutt,252,252,0,0,0,0
761,Blastoise,Modest,Shell Bell,Hydro Cannon,Ice Beam,Hyper Beam,Focus Blast,252,0,0,252,0,0
358,Blaziken,Adamant,Salac Berry,Blaze Kick,Reversal,Aerial Ace,Endure,0,252,0,0,0,252
494,Blaziken,Timid,Brightpowder,Blast Burn,Focus Blast,SolarBeam,Sunny Day,0,0,0,252,0,252
630,Blaziken,Adamant,Passho Berry,Blaze Kick,Earthquake,Shadow Claw,Stone Edge,0,252,0,0,0,252
766,Blaziken,Adamant,White Herb,Flare Blitz,Superpower,ThunderPunch,Night Slash,0,252,0,0,0,252
475,Blissey,Modest,Chople Berry,Hyper Beam,Shadow Ball,Water Pulse,Sing,252,0,0,252,0,0
611,Blissey,Calm,Chesto Berry,Toxic,Double Team,Softboiled,Counter,252,0,0,0,252,0
747,Blissey,Modest,Brightpowder,Flamethrower,Thunderbolt,Ice Beam,Calm Mind,252,0,0,252,0,0
883,Blissey,Calm,Leftovers,Dream Eater,Sing,Softboiled,Counter,252,0,0,0,252,0
25,Bonsly,Adamant,Rock Incense,Rock Slide,Low Kick,Copycat,Sandstorm,0,252,252,0,0,0
371,Breloom,Impish,Focus Sash,Seed Bomb,Sky Uppercut,Rock Slide,Counter,0,252,252,0,0,0
507,Breloom,Brave,Big Root,Drain Punch,Giga Drain,Synthesis,Leech Seed,0,252,0,252,0,0
643,Breloom,Adamant,Toxic Orb,DynamicPunch,ThunderPunch,Stone Edge,Facade,0,252,252,0,0,0
779,Breloom,Adamant,Shell Bell,Focus Punch,Seed Bomb,Giga Impact,Spore,0,252,252,0,0,0
431,Bronzong,Impish,King's Rock,Extrasensory,Iron Head,Rock Slide,Trick Room,0,0,252,0,252,0
567,Bronzong,Calm,Lum Berry,Dream Eater,Hypnosis,Signal Beam,Trick Room,0,0,252,0,252,0
703,Bronzong,Modest,Leftovers,Psychic,Shadow Ball,Charge Beam,Signal Beam,252,0,0,252,0,0
839,Bronzong,Adamant,Quick Claw,Zen Headbutt,Iron Head,Earthquake,Explosion,252,252,0,0,0,0
39,Bronzor,Brave,Odd Incense,Confusion,Gyro Ball,AncientPower,Imprison,0,252,0,252,0,0
22,Budew,Calm,Big Root,Mega Drain,Toxic,Growth,Worry Seed,0,0,0,252,252,0
77,Buizel,Jolly,Wave Incense,Aqua Jet,Quick Attack,Pursuit,Growl,0,252,0,0,0,252
1,Bulbasaur,Modest,Brightpowder,Magical Leaf,Toxic,Leech Seed,Sweet Scent,0,0,0,252,252,0
99,Buneary,Adamant,Black Belt,Dizzy Punch,Drain Punch,Quick Attack,Foresight,0,252,0,0,0,252
15,Burmy,Adamant,Sitrus Berry,Bug Bite,Tackle,Snore,Protect,252,252,0,0,0,0
120,Butterfree,Modest,Pecha Berry,Silver Wind,Air Cutter,Psybeam,Tailwind,0,0,0,252,252,0
83,Cacnea,Adamant,Aspear Berry,Needle Arm,Faint Attack,Cotton Spore,GrassWhistle,252,252,0,0,0,0
239,Cacturne,Adamant,Chople Berry,Bullet Seed,Faint Attack,Spikes,Ingrain,252,252,0,0,0,0
339,Cacturne,Modest,Shell Bell,Giga Drain,Dark Pulse,Acid,Cotton Spore,252,0,0,252,0,0
225,Camerupt,Brave,Focus Band,Magnitude,Will-O-Wisp,Rock Tomb,Amnesia,252,252,0,0,0,0
325,Camerupt,Modest,Quick Claw,Earth Power,Eruption,AncientPower,Sandstorm,252,0,0,252,0,0
211,Carnivine,Adamant,Miracle Seed,Razor Leaf,Bite,Sweet Scent,Ingrain,252,252,0,0,0,0
311,Carnivine,Adamant,Occa Berry,Seed Bomb,Wring Out,Crunch,Ingrain,252,252,0,0,0,0
45,Carvanha,Adamant,Cheri Berry,Aqua Jet,Bite,Scary Face,Swagger,252,252,0,0,0,0
135,Castform,Timid,Persim Berry,Weather Ball,Sunny Day,Rain Dance,Hail,0,0,0,252,0,252
206,Chansey,Sassy,Sitrus Berry,Metronome,Refresh,Defense Curl,Minimize,252,0,0,0,252,0
306,Chansey,Impish,Lucky Punch,Egg Bomb,Focus Punch,Sing,Softboiled,252,0,0,0,252,0
352,Charizard,Modest,Petaya Berry,Flamethrower,Air Slash,SmokeScreen,Scary Face,0,0,0,252,0,252
488,Charizard,Modest,White Herb,Overheat,SolarBeam,Will-O-Wisp,Sunny Day,0,0,0,252,0,252
624,Charizard,Adamant,Scope Lens,Flare Blitz,Earthquake,Crunch,Dragon Claw,0,252,0,0,0,252
760,Charizard,Timid,Brightpowder,Blast Burn,Air Slash,Focus Blast,AncientPower,0,0,0,252,0,252
2,Charmander,Adamant,Scope Lens,Fire Fang,Metal Claw,SmokeScreen,Scary Face,0,252,0,0,0,252
152,Charmeleon,Naughty,Razor Claw,Fire Fang,Slash,SmokeScreen,Scary Face,0,252,0,0,0,252
252,Charmeleon,Bashful,Razor Claw,Flamethrower,Shadow Claw,Aerial Ace,SmokeScreen,0,252,0,0,0,252
141,Chatot,Calm,Persim Berry,Chatter,Swift,Sing,Mirror Move,0,0,0,0,252,252
174,Cherrim,Bold,Persim Berry,Magical Leaf,Leech Seed,GrassWhistle,Synthesis,0,0,0,0,252,252
274,Cherrim,Modest,Power Herb,SolarBeam,Leech Seed,Sunny Day,Synthesis,252,0,0,252,0,0
21,Cherubi,Modest,Rose Incense,Magical Leaf,Toxic,Leech Seed,Helping Hand,0,0,0,252,252,0
4,Chikorita,Adamant,Lax Incense,Bullet Seed,Secret Power,Growl,Light Screen,252,252,0,0,0,0
11,Chimchar,Adamant,Passho Berry,Flame Wheel,Facade,Leer,Fake Out,0,252,0,0,0,252
185,Chimecho,Calm,Pecha Berry,Psywave,Icy Wind,Heal Bell,Safeguard,0,0,0,252,252,0
285,Chimecho,Quiet,Twisted Spoon,Psychic,Shadow Ball,Hypnosis,Dream Eater,252,0,0,252,0,0
69,Chinchou,Modest,Magnet,Shock Wave,BubbleBeam,Icy Wind,Thunder Wave,252,0,0,252,0,0
23,Chingling,Modest,Twisted Spoon,Confusion,Swift,Disable,Growl,0,0,0,252,252,0
92,Clamperl,Bold,DeepSeaScale,Whirlpool,Toxic,Iron Defense,Protect,252,0,252,0,0,0
429,Claydol,Brave,Kasib Berry,Earthquake,Zen Headbutt,Grass Knot,Trick Room,0,0,252,0,252,0
565,Claydol,Modest,Rindo Berry,Earth Power,AncientPower,Signal Beam,Shadow Ball,0,0,252,252,0,0
701,Claydol,Modest,Wise Glasses,Earth Power,Psychic,Charge Beam,Ice Beam,0,0,0,252,252,0
837,Claydol,Adamant,Lax Incense,Earthquake,Zen Headbutt,Rock Slide,Explosion,0,252,0,0,252,0
237,Clefable,Bashful,Chesto Berry,Metronome,Double Team,Reflect,Follow Me,0,0,252,0,252,0
337,Clefable,Adamant,Focus Band,Return,Meteor Mash,Zen Headbutt,Sing,252,252,0,0,0,0
58,Clefairy,Adamant,Brightpowder,Wake-Up Slap,Follow Me,Encore,Sing,252,252,0,0,0,0
250,Cloyster,Bold,NeverMeltIce,Aurora Beam,Water Pulse,Spikes,Supersonic,0,0,252,252,0,0
350,Cloyster,Impish,Leftovers,Avalanche,Dive,Toxic,Protect,0,252,252,0,0,0
18,Combee,Serious,SilverPowder,Bug Bite,Gust,Ominous Wind,Sweet Scent,0,170,0,170,0,170
158,Combusken,Adamant,Liechi Berry,Fire Punch,Double Kick,Quick Attack,Sand-Attack,252,252,0,0,0,0
258,Combusken,Hardy,Scope Lens,Flamethrower,Sky Uppercut,Slash,Sand-Attack,0,252,0,252,0,0
47,Corphish,Brave,Pecha Berry,BubbleBeam,ViceGrip,Knock Off,Swagger,252,0,0,252,0,0
115,Corsola,Modest,Focus Band,BubbleBeam,AncientPower,Mirror Coat,Barrier,0,0,0,252,252,0
409,Cradily,Impish,Razor Claw,AncientPower,Energy Ball,Confuse Ray,Sandstorm,170,0,170,0,170,0
545,Cradily,Impish,Leftovers,Toxic,Stockpile,Double Team,Ingrain,170,0,170,0,170,0
681,Cradily,Calm,Big Root,Giga Drain,Sludge Bomb,Recover,Ingrain,170,0,170,0,170,0
817,Cradily,Calm,Leftovers,Stone Edge,Seed Bomb,Earthquake,Mirror Coat,170,0,170,0,170,0
97,Cranidos,Careful,Rock Incense,Rock Tomb,Pursuit,Scary Face,Leer,0,0,252,0,252,0
232,Crawdaunt,Modest,Persim Berry,BubbleBeam,Dark Pulse,Harden,Taunt,0,0,252,252,0,0
332,Crawdaunt,Adamant,Quick Claw,Crabhammer,Crunch,X-Scissor,Swords Dance,0,252,252,0,0,0
907,Cresselia,Bold,Heat Rock,Psychic,SolarBeam,Moonlight,Sunny Day,0,0,252,0,252,0
921,Cresselia,Bold,Lum Berry,Psychic,Toxic,Double Team,Moonlight,170,0,170,0,170,0
935,Cresselia,Modest,Wise Glasses,Psychic,Shadow Ball,Energy Ball,Charge Beam,252,0,0,252,0,0
949,Cresselia,Modest,Leftovers,Psychic,Ice Beam,Signal Beam,Moonlight,170,0,170,0,170,0
41,Croagunk,Adamant,Black Sludge,Poison Jab,Wake-Up Slap,Taunt,Swagger,252,252,0,0,0,0
467,Crobat,Jolly,Payapa Berry,Cross Poison,Aerial Ace,Roost,Hypnosis,0,252,0,0,0,252
603,Crobat,Hardy,Razor Fang,Air Slash,Zen Headbutt,Bite,Twister,0,252,0,0,0,252
739,Crobat,Modest,King's Rock,Air Slash,Sludge Bomb,Heat Wave,Dark Pulse,0,0,0,252,0,252
875,Crobat,Adamant,Razor Claw,Cross Poison,Brave Bird,X-Scissor,Zen Headbutt,0,252,0,0,0,252
156,Croconaw,Serious,Scope Lens,Water Pulse,Slash,Bite,Scary Face,0,252,0,252,0,0
256,Croconaw,Adamant,Focus Band,Aqua Tail,Crunch,Rock Slide,Scary Face,0,252,252,0,0,0
55,Cubone,Adamant,Soft Sand,Bone Club,Headbutt,Brick Break,Leer,0,252,252,0,0,0
5,Cyndaquil,Adamant,Quick Claw,Flame Wheel,Double Kick,Swift,SmokeScreen,0,252,0,0,252,0
116,Delcatty,Adamant,Sitrus Berry,Secret Power,Faint Attack,Fake Out,Foresight,252,252,0,0,0,0
71,Delibird,Adamant,NeverMeltIce,Present,Ice Ball,Aerial Ace,Hail,0,252,0,0,0,252
379,Dewgong,Careful,Razor Fang,Waterfall,Avalanche,Headbutt,Fake Out,0,252,0,0,252,0
515,Dewgong,Calm,Wacan Berry,Ice Beam,Signal Beam,Encore,Disable,0,0,0,252,252,0
651,Dewgong,Calm,Salac Berry,Sheer Cold,Horn Drill,Rest,Sleep Talk,170,0,170,0,170,0
787,Dewgong,Calm,Chesto Berry,Surf,Ice Beam,Signal Beam,Rest,0,0,0,252,252,0
223,Dodrio,Jolly,Aspear Berry,Pluck,Fury Attack,Growl,Acupressure,0,252,0,0,0,252
323,Dodrio,Jolly,King's Rock,Drill Peck,Frustration,Faint Attack,Acupressure,0,252,0,0,0,252
48,Doduo,Jolly,Liechi Berry,Aerial Ace,Quick Attack,Faint Attack,Acupressure,0,252,0,0,0,252
427,Donphan,Impish,Razor Claw,Earthquake,Rock Slide,Poison Jab,Sandstorm,0,252,252,0,0,0
563,Donphan,Adamant,White Herb,Earthquake,Superpower,Gunk Shot,Counter,0,252,252,0,0,0
699,Donphan,Brave,Lax Incense,Earthquake,Gyro Ball,Fire Fang,Thunder Fang,0,252,252,0,0,0
835,Donphan,Adamant,Quick Claw,Earthquake,Stone Edge,Seed Bomb,Fissure,0,252,252,0,0,0
175,Dragonair,Modest,Cheri Berry,DragonBreath,Water Pulse,Thunder Wave,Safeguard,0,0,0,252,252,0
275,Dragonair,Docile,Haban Berry,Dragon Pulse,Aqua Tail,Slam,Dragon Dance,0,252,0,252,0,0
481,Dragonite,Adamant,Lum Berry,Dragon Claw,Aerial Ace,Thunder Wave,Dragon Dance,0,252,0,0,252,0
617,Dragonite,Adamant,Razor Claw,Dragon Rush,Fire Punch,ThunderPunch,Ice Punch,0,252,252,0,0,0
753,Dragonite,Modest,Expert Belt,Draco Meteor,Flamethrower,Thunderbolt,Surf,0,0,252,252,0,0
889,Dragonite,Adamant,Choice Band,Outrage,Giga Impact,Earthquake,Superpower,0,252,0,0,252,0
432,Drapion,Adamant,Lum Berry,Poison Jab,Crunch,Aqua Tail,Acupressure,0,252,252,0,0,0
568,Drapion,Adamant,Iron Ball,Payback,Poison Jab,Fling,Knock Off,0,252,252,0,0,0
704,Drapion,Jolly,Scope Lens,Cross Poison,Fire Fang,Thunder Fang,Ice Fang,0,252,0,0,0,252
840,Drapion,Adamant,Razor Claw,Cross Poison,Night Slash,Earthquake,Aerial Ace,0,252,0,0,0,252
32,Dratini,Modest,Cheri Berry,Twister,Water Pulse,Thunder Wave,Supersonic,0,0,0,252,252,0
414,Drifblim,Modest,Salac Berry,Ominous Wind,Air Cutter,Baton Pass,Endure,252,0,0,252,0,0
550,Drifblim,Adamant,Black Sludge,Payback,Facade,Will-O-Wisp,Trick,252,252,0,0,0,0
686,Drifblim,Modest,Wise Glasses,Psychic,Thunderbolt,Icy Wind,Destiny Bond,252,0,0,252,0,0
822,Drifblim,Docile,Lax Incense,Shadow Ball,Air Cutter,Silver Wind,Explosion,252,252,0,0,0,0
94,Drifloon,Modest,Petaya Berry,Ominous Wind,Air Cutter,Icy Wind,Will-O-Wisp,252,0,0,252,0,0
66,Drowzee,Modest,Rawst Berry,Psybeam,Assist,Disable,Barrier,0,0,0,252,252,0
363,Dugtrio,Jolly,Grip Claw,Earthquake,Rock Slide,Astonish,Sand Tomb,0,252,0,0,0,252
499,Dugtrio,Modest,Lax Incense,Earth Power,Sludge Bomb,Tri Attack,Sandstorm,0,0,0,252,0,252
635,Dugtrio,Jolly,Razor Claw,Fissure,Giga Impact,Aerial Ace,Night Slash,0,252,0,0,0,252
771,Dugtrio,Adamant,Muscle Band,Earthquake,Stone Edge,Slash,Shadow Claw,0,252,0,0,0,252
109,Dunsparce,Adamant,Razor Claw,Headbutt,Bite,Spite,Glare,252,252,0,0,0,0
219,Dusclops,Impish,Rawst Berry,Shadow Sneak,Pain Split,Will-O-Wisp,Confuse Ray,0,0,252,0,252,0
319,Dusclops,Impish,Colbur Berry,Shadow Punch,Payback,Brick Break,Confuse Ray,170,0,170,0,170,0
462,Dusknoir,Brave,Iron Ball,Shadow Punch,Fling,Will-O-Wisp,Trick Room,0,252,252,0,0,0
598,Dusknoir,Careful,Leftovers,Curse,Pain Split,Confuse Ray,Attract,0,0,252,0,252,0
734,Dusknoir,Adamant,Scope Lens,Shadow Punch,Fire Punch,ThunderPunch,Ice Punch,0,252,0,0,252,0
870,Dusknoir,Adamant,Muscle Band,Shadow Punch,Earthquake,Brick Break,Rock Slide,0,0,252,0,252,0
27,Duskull,Adamant,Spell Tag,Shadow Sneak,Pain Split,Will-O-Wisp,Confuse Ray,0,0,252,0,252,0
126,Dustox,Modest,SilverPowder,Silver Wind,Toxic,Psybeam,Whirlwind,0,0,0,252,252,0
64,Eevee,Jolly,Salac Berry,Take Down,Bite,Flail,Endure,0,252,0,0,0,252
245,Electabuzz,Timid,Lansat Berry,Shock Wave,Swift,Thunder Wave,Light Screen,0,0,0,252,0,252
345,Electabuzz,Modest,Brightpowder,Thunderbolt,Psychic,Focus Blast,Thunder Wave,0,0,0,252,0,252
477,Electivire,Jolly,Scope Lens,ThunderPunch,Cross Chop,Thunder Wave,Screech,0,252,0,0,0,252
613,Electivire,Quirky,Wide Lens,Thunder,DynamicPunch,Rock Slide,Iron Tail,0,252,0,252,0,0
749,Electivire,Modest,Wise Glasses,Thunderbolt,Psychic,Focus Blast,Signal Beam,0,0,0,252,0,252
885,Electivire,Adamant,Shuca Berry,ThunderPunch,Fire Punch,Ice Punch,Earthquake,0,252,0,0,0,252
386,Electrode,Modest,Chesto Berry,Thunderbolt,Swift,Thunder Wave,Light Screen,0,0,0,252,0,252
522,Electrode,Timid,Brightpowder,Charge Beam,Thunder Wave,Flash,Swagger,0,0,0,252,0,252
658,Electrode,Timid,Damp Rock,Thunder,Hyper Beam,Magnet Rise,Rain Dance,0,0,0,252,0,252
794,Electrode,Quirky,Focus Sash,Thunderbolt,Signal Beam,Explosion,Mirror Coat,0,0,0,252,0,252
106,Elekid,Jolly,Cheri Berry,ThunderPunch,Karate Chop,Quick Attack,Light Screen,0,252,0,0,0,252
362,Empoleon,Adamant,Razor Claw,Waterfall,Metal Claw,Brick Break,Knock Off,0,252,0,0,252,0
498,Empoleon,Adamant,Razor Claw,Drill Peck,Aqua Jet,Shadow Claw,Rock Slide,0,252,0,0,252,0
634,Empoleon,Brave,Quick Claw,Surf,Earthquake,Blizzard,Signal Beam,0,252,0,252,0,0
770,Empoleon,Brave,Quick Claw,Hydro Cannon,Flash Cannon,Drill Peck,Earthquake,0,252,0,252,0,0
899,Entei,Jolly,Shuca Berry,Fire Fang,Return,Roar,Reflect,0,252,0,0,0,252
913,Entei,Jolly,King's Rock,Fire Fang,Bite,Iron Head,Stone Edge,0,252,0,0,0,252
927,Entei,Modest,Shuca Berry,Fire Blast,SolarBeam,Hyper Beam,Sunny Day,0,0,0,252,0,252
941,Entei,Modest,Shuca Berry,Overheat,Extrasensory,Shadow Ball,Calm Mind,0,0,0,252,0,252
455,Espeon,Timid,Lum Berry,Psychic,Reflect,Calm Mind,Baton Pass,0,0,0,252,0,252
591,Espeon,Timid,Brightpowder,Psychic,Swift,Charm,Attract,0,0,0,252,0,252
727,Espeon,Modest,Lum Berry,Psychic,Shadow Ball,Hyper Beam,Grass Knot,0,0,0,252,0,252
863,Espeon,Modest,Wise Glasses,Psychic,Shadow Ball,Signal Beam,Morning Sun,0,0,0,252,0,252
63,Exeggcute,Modest,Odd Incense,Confusion,Grass Knot,Leech Seed,Light Screen,0,0,252,252,0,0
449,Exeggutor,Modest,Brightpowder,SolarBeam,Psychic,Synthesis,Sunny Day,252,0,0,252,0,0
585,Exeggutor,Modest,Lum Berry,Dream Eater,Hypnosis,Leech Seed,Ingrain,252,0,0,252,0,0
721,Exeggutor,Brave,Focus Sash,Wood Hammer,Zen Headbutt,Trick Room,Explosion,252,252,0,0,0,0
857,Exeggutor,Modest,Expert Belt,Leaf Storm,Psychic,Sludge Bomb,AncientPower,252,0,0,252,0,0
389,Exploud,Modest,Chople Berry,Hyper Voice,Extrasensory,Water Pulse,Torment,252,0,0,252,0,0
525,Exploud,Adamant,Life Orb,Facade,Fire Punch,ThunderPunch,Ice Punch,252,252,0,0,0,0
661,Exploud,Adamant,Life Orb,Facade,Earthquake,Avalanche,Crunch,252,252,0,0,0,0
797,Exploud,Modest,White Herb,Hyper Voice,Overheat,Surf,Ice Beam,252,0,0,252,0,0
100,Farfetch'd,Adamant,Stick,Slash,Air Cutter,Knock Off,Swords Dance,0,252,0,0,252,0
202,Fearow,Adamant,Sharp Beak,Pluck,Facade,Growl,Leer,0,252,0,0,0,252
302,Fearow,Adamant,Cheri Berry,Drill Peck,Frustration,Faint Attack,U-turn,0,252,0,0,0,252
356,Feraligatr,Adamant,King's Rock,Waterfall,Ice Fang,Rock Slide,Scary Face,0,252,252,0,0,0
492,Feraligatr,Adamant,White Herb,Aqua Tail,Superpower,Dragon Claw,Shadow Claw,0,252,252,0,0,0
628,Feraligatr,Modest,Wise Glasses,Hydro Cannon,Ice Beam,Focus Blast,AncientPower,0,0,252,252,0,0
764,Feraligatr,Adamant,Lum Berry,Waterfall,Earthquake,Ice Fang,Dragon Dance,0,252,252,0,0,0
80,Finneon,Modest,Wave Incense,Water Pulse,Silver Wind,Attract,Aqua Ring,0,0,0,252,252,0
112,Flaaffy,Modest,Light Clay,Shock Wave,Swift,Thunder Wave,Light Screen,252,0,0,252,0,0
454,Flareon,Adamant,Quick Claw,Fire Fang,Superpower,Curse,Baton Pass,0,252,0,0,252,0
590,Flareon,Jolly,Salac Berry,Fire Fang,Flail,Endure,Sand-Attack,0,252,0,0,0,252
726,Flareon,Modest,White Herb,Overheat,Shadow Ball,Mud-Slap,Will-O-Wisp,0,0,0,252,252,0
862,Flareon,Adamant,White Herb,Fire Fang,Giga Impact,Superpower,Bite,0,252,0,0,252,0
412,Floatzel,Jolly,Sitrus Berry,Waterfall,Ice Punch,Quick Attack,Rain Dance,0,252,0,0,0,252
548,Floatzel,Jolly,Chesto Berry,Waterfall,Focus Punch,Double Team,Attract,0,252,0,0,0,252
684,Floatzel,Modest,Wave Incense,Surf,Ice Beam,Focus Blast,Rain Dance,0,0,0,252,0,252
820,Floatzel,Adamant,Razor Fang,Aqua Tail,Ice Fang,Crunch,Brick Break,0,252,0,0,0,252
451,Flygon,Adamant,Yache Berry,Earthquake,Dragon Claw,Roost,Sandstorm,0,252,0,0,0,252
587,Flygon,Jolly,Razor Fang,Fissure,Fire Punch,ThunderPunch,Aerial Ace,0,252,0,0,0,252
723,Flygon,Timid,White Herb,Draco Meteor,Earth Power,Flamethrower,Giga Drain,0,0,0,252,0,252
859,Flygon,Adamant,Lum Berry,Earthquake,Outrage,Crunch,Stone Edge,0,252,0,0,0,252
372,Forretress,Brave,Occa Berry,Gyro Ball,Bug Bite,Revenge,Counter,0,252,252,0,0,0
508,Forretress,Brave,Sitrus Berry,Payback,Stealth Rock,Toxic Spikes,Spikes,0,252,252,0,0,0
644,Forretress,Adamant,Leftovers,Dig,Swagger,Toxic,Double Team,0,252,252,0,0,0
780,Forretress,Adamant,Lax Incense,Explosion,Double-Edge,Earthquake,Rock Slide,0,252,252,0,0,0
392,Froslass,Timid,Cheri Berry,Ice Beam,Ominous Wind,Confuse Ray,Attract,0,0,0,252,0,252
528,Froslass,Adamant,Focus Band,Ice Punch,Sucker Punch,Swagger,Psych Up,0,252,0,0,0,252
664,Froslass,Modest,Expert Belt,Ice Beam,Thunderbolt,Signal Beam,Destiny Bond,0,0,0,252,0,252
800,Froslass,Modest,Lax Incense,Blizzard,Shadow Ball,Psychic,Hail,0,0,0,252,0,252
172,Furret,Jolly,Liechi Berry,Slash,Sucker Punch,Helping Hand,Assist,0,252,0,0,0,252
272,Furret,Adamant,Choice Band,Frustration,Shadow Claw,Trick,Assist,0,252,0,0,0,252
168,Gabite,Adamant,Yache Berry,Dragon Rage,Sand Tomb,Slash,Sand-Attack,0,252,0,0,0,252
268,Gabite,Adamant,Muscle Band,Dragon Claw,Earthquake,Slash,Sandstorm,0,252,0,0,0,252
448,Gallade,Careful,Kasib Berry,Zen Headbutt,Brick Break,Thunder Wave,Confuse Ray,0,252,0,0,252,0
584,Gallade,Jolly,Brightpowder,Drain Punch,Fire Punch,ThunderPunch,Ice Punch,0,252,0,0,0,252
720,Gallade,Adamant,Scope Lens,Psycho Cut,Stone Edge,Aerial Ace,X-Scissor,0,252,0,0,252,0
856,Gallade,Adamant,Scope Lens,Psycho Cut,Close Combat,Leaf Blade,Night Slash,0,252,0,0,252,0
485,Garchomp,Jolly,Brightpowder,Dragon Claw,Earthquake,Double Team,Sandstorm,0,252,0,0,0,252
621,Garchomp,Modest,White Herb,Draco Meteor,Earth Power,Flamethrower,Surf,0,0,0,252,0,252
757,Garchomp,Adamant,Focus Sash,Dragon Rush,Stone Edge,Aqua Tail,Aerial Ace,0,252,0,0,0,252
893,Garchomp,Adamant,Persim Berry,Outrage,Earthquake,Crunch,Fire Fang,0,252,0,0,0,252
447,Gardevoir,Calm,Lum Berry,Psychic,Shadow Ball,Thunder Wave,Confuse Ray,0,0,0,252,252,0
583,Gardevoir,Modest,Chesto Berry,Psychic,Thunderbolt,Calm Mind,Rest,0,0,0,252,252,0
719,Gardevoir,Modest,Brightpowder,Psychic,Charge Beam,Energy Ball,Focus Blast,0,0,0,252,252,0
855,Gardevoir,Timid,Wise Glasses,Psychic,Thunderbolt,Shadow Ball,Destiny Bond,0,0,0,252,0,252
382,Gastrodon,Careful,Focus Sash,Waterfall,Earthquake,Recover,Mirror Coat,252,0,0,0,252,0
518,Gastrodon,Sassy,Zoom Lens,Muddy Water,Mud Bomb,Recover,Yawn,0,0,0,252,252,0
654,Gastrodon,Adamant,Shell Bell,Waterfall,Earthquake,Stone Edge,Fissure,252,252,0,0,0,0
790,Gastrodon,Modest,Wise Glasses,Surf,Earth Power,Ice Beam,Sludge Bomb,252,0,0,252,0,0
419,Gengar,Timid,Payapa Berry,Shadow Ball,Sludge Bomb,Spite,Confuse Ray,0,0,0,252,0,252
555,Gengar,Modest,Life Orb,Shadow Ball,Dream Eater,Hypnosis,Substitute,0,0,0,252,0,252
691,Gengar,Modest,Scope Lens,Psychic,Energy Ball,Focus Blast,Confuse Ray,0,0,0,252,0,252
827,Gengar,Modest,Lum Berry,Shadow Ball,Sludge Bomb,Thunderbolt,Destiny Bond,0,0,0,252,0,252
31,Geodude,Adamant,Focus Band,Magnitude,Rock Blast,Strength,Protect,0,252,252,0,0,0
40,Gible,Adamant,Soft Sand,Dragon Rage,Sand Tomb,Metal Claw,Sandstorm,252,252,0,0,0,0
216,Girafarig,Modest,Petaya Berry,Psybeam,Swift,Baton Pass,Agility,0,0,0,252,0,252
316,Girafarig,Adamant,Razor Claw,Zen Headbutt,Double Hit,Crunch,Thunder Wave,0,252,0,0,0,252
458,Glaceon,Calm,Lax Incense,Ice Beam,Water Pulse,Double Team,Baton Pass,0,0,0,252,252,0
594,Glaceon,Calm,Leftovers,Ice Beam,Double Team,Yawn,Hail,0,0,0,252,252,0
730,Glaceon,Modest,Focus Sash,Blizzard,Hyper Beam,Hail,Mirror Coat,0,0,252,252,0,0
866,Glaceon,Modest,Wise Glasses,Ice Beam,Shadow Ball,Signal Beam,Water Pulse,0,0,252,252,0,0
390,Glalie,Brave,Iron Ball,Avalanche,Payback,Gyro Ball,Ice Shard,170,0,170,0,170,0
526,Glalie,Adamant,Lum Berry,Ice Fang,Crunch,Earthquake,Explosion,252,252,0,0,0,0
662,Glalie,Modest,Scope Lens,Ice Beam,Shadow Ball,Signal Beam,Water Pulse,252,0,0,252,0,0
798,Glalie,Modest,Lax Incense,Blizzard,Dark Pulse,Sheer Cold,Hail,252,0,0,252,0,0
50,Glameow,Jolly,Razor Claw,Fury Swipes,Fake Out,Faint Attack,Attract,0,252,0,0,0,252
186,Gligar,Adamant,Razor Claw,Aerial Ace,Sand Tomb,Metal Claw,Swords Dance,0,252,252,0,0,0
286,Gligar,Adamant,Quick Claw,Earthquake,Aerial Ace,Aqua Tail,Sandstorm,0,252,0,0,0,252
441,Gliscor,Adamant,Yache Berry,Earthquake,Aerial Ace,Swords Dance,Baton Pass,0,252,252,0,0,0
577,Gliscor,Jolly,Razor Fang,Earthquake,Fire Fang,Thunder Fang,Ice Fang,0,252,0,0,0,252
713,Gliscor,Jolly,Focus Sash,Guillotine,Earthquake,U-turn,Counter,252,0,0,0,0,252
849,Gliscor,Adamant,Expert Belt,Earthquake,Aerial Ace,X-Scissor,Stone Edge,0,252,252,0,0,0
133,Gloom,Modest,Miracle Seed,Mega Drain,Acid,Stun Spore,Moonlight,252,0,0,252,0,0
212,Golbat,Jolly,Payapa Berry,Aerial Ace,Toxic,Steel Wing,Confuse Ray,0,252,0,0,0,252
312,Golbat,Adamant,Black Sludge,Poison Fang,Aerial Ace,Zen Headbutt,Confuse Ray,0,252,0,0,0,252
56,Goldeen,Modest,Petaya Berry,Water Pulse,Psybeam,Supersonic,Rain Dance,0,0,252,252,0,0
415,Golduck,Modest,Rindo Berry,Surf,Psychic,Confuse Ray,Calm Mind,252,0,0,252,0,0
551,Golduck,Adamant,Shell Bell,Waterfall,Mud Bomb,Shadow Claw,Aerial Ace,0,252,0,0,0,252
687,Golduck,Adamant,Scope Lens,Aqua Tail,Cross Chop,Ice Punch,Zen Headbutt,252,252,0,0,0,0
823,Golduck,Modest,Wacan Berry,Hydro Pump,Psychic,Ice Beam,Signal Beam,252,0,0,252,0,0
395,Golem,Impish,Focus Band,Earthquake,Rock Slide,Sucker Punch,Sandstorm,0,252,252,0,0,0
531,Golem,Adamant,White Herb,Earthquake,Superpower,Fire Punch,ThunderPunch,0,252,252,0,0,0
667,Golem,Brave,Iron Ball,Gyro Ball,Earthquake,Hammer Arm,Fling,0,252,252,0,0,0
803,Golem,Brave,Quick Claw,Earthquake,Stone Edge,Gyro Ball,Explosion,0,252,252,0,0,0
243,Gorebyss,Bold,Wave Incense,Water Pulse,Confusion,Rain Dance,Aqua Ring,252,0,252,0,0,0
343,Gorebyss,Modest,Shell Bell,Surf,Psychic,Ice Beam,Rain Dance,0,0,252,252,0,0
367,Granbull,Adamant,Razor Claw,Return,Rock Slide,Crunch,Thunder Wave,252,252,0,0,0,0
503,Granbull,Adamant,Quick Claw,Facade,Fire Fang,Thunder Fang,Ice Fang,252,252,0,0,0,0
639,Granbull,Adamant,Muscle Band,Fire Punch,ThunderPunch,Ice Punch,Payback,252,252,0,0,0,0
775,Granbull,Adamant,Life Orb,Giga Impact,Close Combat,Earthquake,Stone Edge,252,252,0,0,0,0
128,Graveler,Adamant,Focus Band,Magnitude,Rock Tomb,Stealth Rock,Defense Curl,0,252,252,0,0,0
61,Grimer,Adamant,Black Sludge,Toxic,Shadow Sneak,Acid Armor,Minimize,252,252,0,0,0,0
160,Grotle,Relaxed,Big Root,Razor Leaf,Bite,Leech Seed,Synthesis,0,252,252,0,0,0
260,Grotle,Brave,Occa Berry,Seed Bomb,Crunch,Curse,Synthesis,0,252,252,0,0,0
157,Grovyle,Timid,Coba Berry,Magical Leaf,Swift,Mud-Slap,Detect,0,0,0,252,0,252
257,Grovyle,Adamant,Coba Berry,Leaf Blade,Rock Slide,Crunch,Screech,0,252,0,0,0,252
96,Growlithe,Adamant,Charcoal,Fire Fang,Bite,Roar,Agility,252,252,0,0,0,0
236,Grumpig,Calm,Petaya Berry,Psybeam,Grass Knot,Future Sight,Confuse Ray,0,0,0,252,252,0
336,Grumpig,Calm,Colbur Berry,Psychic,Power Gem,Charge Beam,Mirror Coat,0,0,0,252,252,0
472,Gyarados,Careful,Razor Fang,Aqua Tail,Ice Fang,Bite,Rain Dance,0,252,0,0,252,0
608,Gyarados,Jolly,Lum Berry,Waterfall,Ice Fang,Iron Head,Dragon Dance,0,252,0,0,0,252
744,Gyarados,Adamant,Persim Berry,Outrage,Waterfall,Stone Edge,Giga Impact,0,252,0,0,252,0
880,Gyarados,Adamant,Chesto Berry,Waterfall,Earthquake,Rest,Dragon Dance,0,252,0,0,0,252
14,Happiny,Adamant,Sitrus Berry,Present,Sweet Kiss,Copycat,Charm,252,0,252,0,0,0
376,Hariyama,Adamant,Persim Berry,Arm Thrust,Earthquake,Facade,Fake Out,252,252,0,0,0,0
512,Hariyama,Adamant,Iron Ball,Revenge,Payback,Fling,Fake Out,252,252,0,0,0,0
648,Hariyama,Adamant,Life Orb,DynamicPunch,Fire Punch,ThunderPunch,Ice Punch,252,252,0,0,0,0
784,Hariyama,Adamant,Scope Lens,Cross Chop,Earthquake,Stone Edge,Poison Jab,252,252,0,0,0,0
142,Haunter,Timid,Persim Berry,Night Shade,Toxic,Confuse Ray,Grudge,0,0,0,252,0,252
906,Heatran,Modest,Shuca Berry,Heat Wave,Flash Cannon,AncientPower,Scary Face,0,0,0,252,252,0
920,Heatran,Adamant,Quick Claw,Iron Head,Earthquake,Stone Edge,Crunch,252,252,0,0,0,0
934,Heatran,Modest,Brightpowder,Flamethrower,Earth Power,Dragon Pulse,Dark Pulse,252,0,0,252,0,0
948,Heatran,Quiet,Focus Sash,Magma Storm,Flash Cannon,Earth Power,Explosion,0,252,0,252,0,0
424,Heracross,Jolly,Focus Band,Megahorn,Focus Punch,Swagger,Attract,0,252,0,0,0,252
560,Heracross,Adamant,Scope Lens,Close Combat,Aerial Ace,Night Slash,Bulk Up,0,252,0,0,252,0
696,Heracross,Adamant,Coba Berry,Megahorn,Stone Edge,Facade,Shadow Claw,0,252,0,0,0,252
832,Heracross,Jolly,Salac Berry,Megahorn,Earthquake,Reversal,Endure,0,252,0,0,0,252
78,Hippopotas,Adamant,Chesto Berry,Dig,Rock Tomb,Sand Tomb,Yawn,252,252,0,0,0,0
460,Hippowdon,Impish,Persim Berry,Earthquake,Crunch,Slack Off,Curse,0,252,252,0,0,0
596,Hippowdon,Impish,Sitrus Berry,Earthquake,Swagger,Sand Tomb,Yawn,0,252,252,0,0,0
732,Hippowdon,Adamant,White Herb,Superpower,Fire Fang,Ice Fang,Fissure,252,252,0,0,0,0
868,Hippowdon,Adamant,Quick Claw,Earthquake,Stone Edge,Crunch,Thunder Fang,252,252,0,0,0,0
215,Hitmonchan,Adamant,King's Rock,Mach Punch,Bullet Punch,Mind Reader,Counter,0,252,0,0,252,0
315,Hitmonchan,Adamant,King's Rock,Sky Uppercut,Mega Punch,Bullet Punch,Counter,0,170,0,0,170,170
214,Hitmonlee,Careful,Black Belt,Rolling Kick,Facade,Foresight,Focus Energy,0,252,0,0,252,0
314,Hitmonlee,Adamant,Salac Berry,Hi Jump Kick,Blaze Kick,Mega Kick,Endure,0,170,0,0,170,170
217,Hitmontop,Adamant,Liechi Berry,Triple Kick,Mach Punch,Detect,Focus Energy,252,252,0,0,0,0
317,Hitmontop,Adamant,Muscle Band,Triple Kick,Bullet Punch,Aerial Ace,Counter,252,252,0,0,0,0
438,Honchkrow,Adamant,Wacan Berry,Night Slash,Aerial Ace,Torment,Taunt,252,252,0,0,0,0
574,Honchkrow,Adamant,White Herb,Superpower,Pluck,Confuse Ray,Thunder Wave,252,252,0,0,0,0
710,Honchkrow,Modest,Life Orb,Dark Pulse,Air Cutter,Psychic,Shadow Ball,252,0,0,252,0,0
846,Honchkrow,Adamant,Scope Lens,Night Slash,Drill Peck,Sucker Punch,Steel Wing,252,252,0,0,0,0
426,Houndoom,Jolly,Focus Sash,Fire Fang,Crunch,Roar,Counter,0,252,0,0,0,252
562,Houndoom,Jolly,Focus Sash,Fire Fang,Thunder Fang,Reversal,Endure,0,252,0,0,0,252
698,Houndoom,Modest,Passho Berry,Flamethrower,Shadow Ball,Sludge Bomb,Will-O-Wisp,0,0,0,252,0,252
834,Houndoom,Timid,White Herb,Overheat,Dark Pulse,SolarBeam,Sunny Day,0,0,0,252,0,252
72,Houndour,Adamant,Charcoal,Fire Fang,Bite,Roar,Will-O-Wisp,0,252,0,0,0,252
242,Huntail,Docile,Mystic Water,Water Pulse,Bite,Screech,Rain Dance,0,252,252,0,0,0
342,Huntail,Adamant,Shell Bell,Aqua Tail,Crunch,Ice Fang,Rain Dance,0,252,252,0,0,0
394,Hypno,Brave,Iron Ball,Psycho Cut,Fling,Hypnosis,Trick Room,0,252,0,0,252,0
530,Hypno,Quirky,Persim Berry,Dream Eater,Nightmare,Drain Punch,Hypnosis,0,0,0,252,252,0
666,Hypno,Adamant,Sitrus Berry,Zen Headbutt,Fire Punch,ThunderPunch,Ice Punch,0,252,0,0,252,0
802,Hypno,Modest,Choice Specs,Psychic,Shadow Ball,Signal Beam,Focus Blast,0,0,0,252,252,0
137,Illumise,Timid,Petaya Berry,Silver Wind,Swift,Wish,Helping Hand,0,0,0,252,0,252
361,Infernape,Jolly,Coba Berry,Close Combat,Fire Punch,U-turn,Fake Out,0,252,0,0,0,252
497,Infernape,Adamant,Muscle Band,Blaze Kick,Shadow Claw,ThunderPunch,Gunk Shot,0,252,0,0,0,252
633,Infernape,Modest,Brightpowder,Flamethrower,Focus Blast,SolarBeam,Sunny Day,0,0,0,252,0,252
769,Infernape,Jolly,King's Rock,Flare Blitz,Close Combat,Earthquake,ThunderPunch,0,252,0,0,0,252
151,Ivysaur,Careful,Salac Berry,Razor Leaf,PoisonPowder,Take Down,Leech Seed,0,252,0,0,252,0
251,Ivysaur,Modest,Big Root,Giga Drain,Sludge Bomb,Sleep Powder,Leech Seed,0,0,0,252,252,0
453,Jolteon,Timid,Focus Sash,Thunderbolt,Thunder Wave,Agility,Baton Pass,0,0,0,252,0,252
589,Jolteon,Hardy,Razor Claw,Discharge,Double Kick,Dig,Thunder Wave,0,252,0,252,0,0
725,Jolteon,Timid,Lax Incense,Thunder,Shadow Ball,Rain Dance,Yawn,0,0,0,252,0,252
861,Jolteon,Modest,Razor Fang,Thunderbolt,Hyper Beam,Shadow Ball,Signal Beam,0,0,0,252,0,252
208,Jumpluff,Jolly,Pecha Berry,Aerial Ace,Bullet Seed,Cotton Spore,Tail Whip,0,252,0,0,0,252
308,Jumpluff,Adamant,Sitrus Berry,Seed Bomb,Bounce,Sleep Powder,Synthesis,0,252,0,0,0,252
368,Jynx,Calm,Chesto Berry,Psychic,Ice Beam,Lovely Kiss,Fake Tears,0,0,0,252,252,0
504,Jynx,Calm,Lax Incense,Dream Eater,Lovely Kiss,Perish Song,Mean Look,0,0,0,252,252,0
640,Jynx,Modest,Expert Belt,Blizzard,Energy Ball,Signal Beam,Wring Out,0,0,0,252,0,252
776,Jynx,Modest,Choice Specs,Ice Beam,Psychic,Focus Blast,Shadow Ball,0,0,0,252,0,252
102,Kabuto,Adamant,Liechi Berry,Aqua Jet,Rock Tomb,Knock Off,Metal Sound,0,252,252,0,0,0
248,Kabutops,Impish,Sea Incense,Aqua Jet,Rock Tomb,Harden,Metal Sound,0,252,252,0,0,0
348,Kabutops,Adamant,Razor Claw,Waterfall,Rock Slide,Slash,Swords Dance,0,252,252,0,0,0
178,Kadabra,Timid,Twisted Spoon,Confusion,Role Play,Disable,Future Sight,0,0,0,0,252,252
278,Kadabra,Modest,Cheri Berry,Psychic,Shadow Ball,Shock Wave,Reflect,0,0,0,252,0,252
399,Kangaskhan,Jolly,Salac Berry,Double-Edge,Crunch,Reversal,Endure,0,252,0,0,0,252
535,Kangaskhan,Adamant,Razor Claw,Dizzy Punch,Fire Punch,ThunderPunch,Ice Punch,252,252,0,0,0,0
671,Kangaskhan,Jolly,Life Orb,Double Hit,Hammer Arm,Shadow Claw,Rock Slide,0,252,0,0,0,252
807,Kangaskhan,Adamant,Muscle Band,Giga Impact,Earthquake,Crunch,Outrage,252,252,0,0,0,0
200,Kecleon,Careful,Lansat Berry,Slash,Shadow Sneak,Tail Whip,Magic Coat,0,252,0,0,252,0
300,Kecleon,Careful,Choice Scarf,Frustration,Shadow Claw,Aerial Ace,Trick,0,252,0,0,252,0
474,Kingdra,Timid,Razor Fang,Surf,Dragon Pulse,SmokeScreen,Rain Dance,0,0,0,252,0,252
610,Kingdra,Timid,Shell Bell,Brine,Ice Beam,Twister,Yawn,0,0,0,252,0,252
746,Kingdra,Adamant,Lum Berry,Waterfall,Outrage,Iron Head,Dragon Dance,252,252,0,0,0,0
882,Kingdra,Modest,Wide Lens,Hydro Pump,Draco Meteor,Blizzard,Signal Beam,252,0,0,252,0,0
238,Kingler,Quiet,Wacan Berry,BubbleBeam,ViceGrip,Harden,Mud Sport,0,0,252,252,0,0
338,Kingler,Jolly,Salac Berry,Crabhammer,Guillotine,Flail,Endure,0,252,0,0,0,252
84,Koffing,Modest,Poison Barb,Sludge,Psybeam,SmokeScreen,Spite,0,0,252,252,0,0
62,Krabby,Quiet,Pecha Berry,BubbleBeam,ViceGrip,Leer,Protect,0,0,252,252,0,0
13,Kricketot,Relaxed,Liechi Berry,Bug Bite,Bide,Mud-Slap,Growl,170,0,170,0,170,0
119,Kricketune,Adamant,Metronome,Fury Cutter,Rock Smash,Knock Off,Focus Energy,252,252,0,0,0,0
191,Lairon,Impish,Metal Coat,Metal Claw,Rock Tomb,Iron Defense,Protect,0,252,252,0,0,0
291,Lairon,Impish,Sitrus Berry,Iron Head,Rock Slide,Earthquake,Roar,0,252,252,0,0,0
370,Lanturn,Modest,Rindo Berry,Surf,Discharge,Thunder Wave,Aqua Ring,252,0,0,252,0,0
506,Lanturn,Calm,Lum Berry,Dive,Confuse Ray,Thunder Wave,Attract,252,0,0,0,252,0
642,Lanturn,Modest,Sitrus Berry,Hydro Pump,Thunder,Blizzard,Rain Dance,252,0,0,252,0,0
778,Lanturn,Modest,Expert Belt,Surf,Thunderbolt,Ice Beam,Signal Beam,252,0,0,252,0,0
466,Lapras,Adamant,Leftovers,Aqua Tail,Avalanche,Ice Shard,Curse,252,252,0,0,0,0
602,Lapras,Impish,Quick Claw,Sheer Cold,Perish Song,Sing,Confuse Ray,0,0,252,0,252,0
738,Lapras,Adamant,Lum Berry,Waterfall,Outrage,Zen Headbutt,Dragon Dance,252,252,0,0,0,0
874,Lapras,Modest,Brightpowder,Surf,Ice Beam,Psychic,Thunderbolt,252,0,0,252,0,0
35,Larvitar,Adamant,Liechi Berry,Rock Slide,Dig,Bite,Scary Face,252,252,0,0,0,0
904,Latias,Calm,Lum Berry,Psychic,Dragon Pulse,Attract,Calm Mind,0,0,0,252,252,0
918,Latias,Adamant,Expert Belt,Dragon Claw,Zen Headbutt,Earthquake,Aerial Ace,0,252,0,0,0,252
932,Latias,Timid,Brightpowder,Psychic,Ice Beam,Energy Ball,Shadow Ball,0,0,0,252,0,252
946,Latias,Modest,White Herb,Mist Ball,Draco Meteor,Thunderbolt,Surf,0,0,0,252,0,252
905,Latios,Calm,Focus Band,Psychic,Dragon Pulse,Thunder Wave,Calm Mind,0,0,0,252,252,0
919,Latios,Adamant,Lum Berry,Dragon Claw,Shadow Claw,Earthquake,Dragon Dance,0,252,0,0,0,252
933,Latios,Timid,Brightpowder,Psychic,Thunderbolt,Ice Beam,Energy Ball,0,0,0,252,0,252
947,Latios,Modest,White Herb,Luster Purge,Draco Meteor,Hyper Beam,Surf,0,0,0,252,0,252
457,Leafeon,Jolly,Scope Lens,Leaf Blade,Aerial Ace,Double Team,Baton Pass,0,252,0,0,0,252
593,Leafeon,Jolly,Brightpowder,Leaf Blade,Last Resort,Curse,GrassWhistle,0,252,0,0,0,252
729,Leafeon,Adamant,Heat Rock,Leaf Blade,X-Scissor,Synthesis,Sunny Day,0,252,252,0,0,0
865,Leafeon,Adamant,Quick Claw,Leaf Blade,X-Scissor,Aerial Ace,Bite,0,252,252,0,0,0
129,Ledian,Timid,Razor Claw,Silver Wind,Air Cutter,Agility,Baton Pass,0,0,0,252,252,0
445,Lickilicky,Careful,Chesto Berry,Return,Earthquake,Belly Drum,Rest,252,252,0,0,0,0
581,Lickilicky,Modest,Expert Belt,Surf,Ice Beam,Thunderbolt,Shadow Ball,252,0,0,252,0,0
717,Lickilicky,Brave,Lum Berry,Return,Gyro Ball,Curse,Rest,252,252,0,0,0,0
853,Lickilicky,Adamant,Lax Incense,Body Slam,Power Whip,Earthquake,Explosion,252,252,0,0,0,0
124,Lickitung,Adamant,Chesto Berry,Secret Power,Rock Tomb,Lick,Screech,252,252,0,0,0,0
103,Lileep,Calm,Lax Incense,AncientPower,Grass Knot,Ingrain,Confuse Ray,170,0,170,0,170,0
177,Linoone,Jolly,Lansat Berry,Slash,Shadow Claw,Covet,Tickle,0,252,0,0,0,252
277,Linoone,Jolly,Choice Scarf,Frustration,Shadow Claw,Dig,Switcheroo,0,252,0,0,0,252
87,Lombre,Quiet,Damp Rock,Water Pulse,Mega Drain,Fake Out,Rain Dance,0,0,0,252,252,0
391,Lopunny,Jolly,Focus Band,Return,Drain Punch,Charm,Mirror Coat,0,252,0,0,0,252
527,Lopunny,Jolly,Brightpowder,Focus Punch,Sweet Kiss,Attract,Thunder Wave,252,0,0,0,0,252
663,Lopunny,Modest,Wise Glasses,Charge Beam,Ice Beam,Shadow Ball,Focus Blast,0,0,0,252,0,252
799,Lopunny,Jolly,Muscle Band,Dizzy Punch,Fire Punch,ThunderPunch,Ice Punch,0,252,0,0,0,252
107,Loudred,Adamant,Persim Berry,Stomp,Bite,Howl,Supersonic,252,252,0,0,0,0
459,Lucario,Modest,Brightpowder,Aura Sphere,Flash Cannon,Water Pulse,Roar,0,0,0,252,0,252
595,Lucario,Adamant,Scope Lens,Cross Chop,Stone Edge,ThunderPunch,Ice Punch,0,252,0,0,0,252
731,Lucario,Adamant,Muscle Band,Close Combat,Earthquake,Blaze Kick,Shadow Claw,0,252,0,0,0,252
867,Lucario,Modest,Expert Belt,Aura Sphere,Psychic,Shadow Ball,Dragon Pulse,0,0,0,252,0,252
387,Ludicolo,Adamant,Muscle Band,Waterfall,Razor Leaf,Drain Punch,Swords Dance,0,252,0,0,252,0
523,Ludicolo,Impish,Leftovers,Leech Seed,Toxic,Double Team,Rain Dance,170,0,170,0,170,0
659,Ludicolo,Modest,Wide Lens,Hydro Pump,Grass Knot,Blizzard,Focus Blast,252,0,0,252,0,0
795,Ludicolo,Modest,Lum Berry,Surf,Giga Drain,Ice Beam,Rain Dance,0,0,0,252,252,0
227,Lumineon,Bashful,Wacan Berry,Water Gun,U-turn,Captivate,Attract,0,252,0,252,0,0
327,Lumineon,Modest,Shell Bell,Surf,Silver Wind,Attract,Aqua Ring,0,0,0,252,0,252
198,Lunatone,Modest,Sitrus Berry,AncientPower,Confusion,Cosmic Power,Reflect,0,0,0,252,252,0
298,Lunatone,Modest,Passho Berry,Psychic,AncientPower,Shadow Ball,Cosmic Power,0,0,0,252,252,0
76,Luvdisc,Timid,Damp Rock,Water Pulse,Attract,Sweet Kiss,Rain Dance,0,0,0,252,0,252
173,Luxio,Adamant,Magnet,Thunder Fang,Bite,Flash,Swagger,252,252,0,0,0,0
273,Luxio,Modest,Petaya Berry,Thunderbolt,Signal Beam,Swift,Thunder Wave,252,0,0,252,0,0
433,Luxray,Adamant,Razor Claw,Thunder Fang,Crunch,Howl,Charge,252,252,0,0,0,0
569,Luxray,Modest,Wise Glasses,Thunderbolt,Signal Beam,Thunder Wave,Magnet Rise,252,0,0,252,0,0
705,Luxray,Adamant,White Herb,Thunder Fang,Ice Fang,Superpower,Thunder Wave,252,252,0,0,0,0
841,Luxray,Adamant,Muscle Band,Thunder Fang,Ice Fang,Crunch,Thunder Wave,252,252,0,0,0,0
435,Machamp,Adamant,Scope Lens,Cross Chop,Earthquake,Bullet Punch,Foresight,252,252,0,0,0,0
571,Machamp,Adamant,Focus Sash,Revenge,Earthquake,Payback,Counter,0,0,252,0,252,0
707,Machamp,Adamant,Quick Claw,DynamicPunch,Earthquake,Stone Edge,Ice Punch,252,252,0,0,0,0
843,Machamp,Adamant,Quick Claw,Cross Chop,Earthquake,ThunderPunch,Fire Punch,252,252,0,0,0,0
169,Machoke,Adamant,Focus Band,Karate Chop,Rock Tomb,Foresight,Scary Face,252,252,0,0,0,0
269,Machoke,Adamant,Scope Lens,Cross Chop,Facade,Rock Slide,Counter,252,252,0,0,0,0
43,Machop,Adamant,Scope Lens,Karate Chop,Rock Tomb,Foresight,Scary Face,252,252,0,0,0,0
113,Magby,Adamant,Pecha Berry,Fire Punch,Mach Punch,Leer,SmokeScreen,0,252,0,0,0,252
164,Magcargo,Modest,Lax Incense,Lava Plume,AncientPower,Acid Armor,Sandstorm,252,0,0,252,0,0
264,Magcargo,Quiet,Quick Claw,Overheat,Rock Slide,Earthquake,Body Slam,0,252,0,252,0,0
246,Magmar,Jolly,Lansat Berry,Fire Punch,Mach Punch,SmokeScreen,Will-O-Wisp,0,252,0,0,0,252
346,Magmar,Modest,Lax Incense,Flamethrower,Psychic,Focus Blast,Confuse Ray,0,0,0,252,0,252
478,Magmortar,Modest,Heat Rock,Fire Blast,Focus Blast,Will-O-Wisp,Sunny Day,0,0,0,252,0,252
614,Magmortar,Adamant,Shuca Berry,Fire Punch,Focus Punch,Confuse Ray,SmokeScreen,0,252,0,0,0,252
750,Magmortar,Adamant,Passho Berry,Flare Blitz,ThunderPunch,Earthquake,Brick Break,0,252,0,0,0,252
886,Magmortar,Modest,White Herb,Overheat,Psychic,Focus Blast,Confuse Ray,0,0,0,252,0,252
59,Magnemite,Bold,Rawst Berry,Shock Wave,Mirror Shot,Metal Sound,Reflect,0,0,252,252,0,0
228,Magneton,Docile,Petaya Berry,Shock Wave,Magnet Bomb,Thunder Wave,Supersonic,0,252,0,252,0,0
328,Magneton,Modest,Shuca Berry,Thunderbolt,Mirror Shot,Thunder Wave,Magnet Rise,0,0,252,252,0,0
468,Magnezone,Bold,Light Clay,Thunderbolt,Mirror Shot,Light Screen,Reflect,0,0,252,252,0,0
604,Magnezone,Impish,Lum Berry,Iron Head,Explosion,Swagger,Psych Up,0,252,252,0,0,0
740,Magnezone,Modest,Chesto Berry,Charge Beam,Flash Cannon,Magnet Rise,Thunder Wave,0,0,252,252,0,0
876,Magnezone,Modest,Brightpowder,Thunderbolt,Flash Cannon,Tri Attack,Signal Beam,0,0,252,252,0,0
465,Mamoswine,Adamant,Icy Rock,Earthquake,Ice Fang,Peck,Hail,252,252,0,0,0,0
601,Mamoswine,Adamant,Sitrus Berry,Avalanche,Earthquake,Iron Head,Curse,252,252,0,0,0,0
737,Mamoswine,Adamant,Lax Incense,Earthquake,Superpower,Fissure,Hail,252,252,0,0,0,0
873,Mamoswine,Adamant,Life Orb,Earthquake,Ice Fang,Stone Edge,Double-Edge,252,252,0,0,0,0
380,Manectric,Adamant,Shuca Berry,Thunder Fang,Crunch,Roar,Thunder Wave,0,252,0,0,0,252
516,Manectric,Modest,Damp Rock,Thunder,Hyper Beam,Thunder Wave,Rain Dance,0,0,0,252,0,252
652,Manectric,Adamant,Quick Claw,Thunder Fang,Fire Fang,Ice Fang,Bite,0,252,0,0,0,252
788,Manectric,Timid,Brightpowder,Thunderbolt,Flamethrower,Signal Beam,Swift,0,0,0,252,0,252
229,Mantine,Quirky,Mystic Water,BubbleBeam,Wing Attack,Agility,Supersonic,0,252,0,252,0,0
329,Mantine,Modest,Shell Bell,Surf,Air Cutter,Ice Beam,Confuse Ray,0,0,0,252,252,0
93,Mantyke,Hardy,Mystic Water,BubbleBeam,Aerial Ace,Icy Wind,Agility,0,0,0,252,252,0
364,Marowak,Adamant,Razor Claw,Bone Rush,Brick Break,Iron Tail,Sandstorm,0,252,252,0,0,0
500,Marowak,Adamant,Thick Club,Bone Rush,Fire Punch,ThunderPunch,Rock Slide,0,252,252,0,0,0
636,Marowak,Adamant,Thick Club,Earthquake,Giga Impact,Outrage,Fire Punch,0,252,252,0,0,0
772,Marowak,Adamant,Thick Club,Earthquake,Stone Edge,Iron Head,ThunderPunch,0,252,252,0,0,0
159,Marshtomp,Modest,Focus Band,Mud Shot,Water Pulse,AncientPower,Growl,0,0,0,252,252,0
259,Marshtomp,Quiet,Persim Berry,Muddy Water,Earthquake,AncientPower,Protect,0,252,0,252,0,0
171,Masquerain,Bold,SilverPowder,Silver Wind,Air Cutter,Sweet Scent,Scary Face,0,0,252,252,0,0
271,Masquerain,Quiet,Petaya Berry,Bug Buzz,Air Slash,Shadow Ball,Stun Spore,0,0,0,252,252,0
118,Mawile,Impish,Brightpowder,Iron Head,Bite,Tickle,Iron Defense,252,0,252,0,0,0
365,Medicham,Jolly,Salac Berry,Zen Headbutt,Reversal,Endure,Fake Out,0,252,0,0,0,252
501,Medicham,Jolly,Cheri Berry,Drain Punch,Poison Jab,Detect,Recover,0,252,0,0,0,252
637,Medicham,Modest,Wise Glasses,Psychic,Focus Blast,Shadow Ball,Calm Mind,0,0,0,252,0,252
773,Medicham,Adamant,Scope Lens,Psycho Cut,Fire Punch,ThunderPunch,Ice Punch,0,252,0,0,0,252
354,Meganium,Modest,Heat Rock,SolarBeam,AncientPower,Synthesis,Sunny Day,0,0,252,0,252,0
490,Meganium,Calm,Big Root,Giga Drain,Leech Seed,Toxic,Substitute,170,0,170,0,170,0
626,Meganium,Bold,Light Clay,Leaf Storm,Wring Out,Light Screen,Reflect,252,0,0,252,0,0
762,Meganium,Modest,Lax Incense,Frenzy Plant,AncientPower,Hyper Beam,Light Screen,252,0,0,252,0,0
484,Metagross,Adamant,Brightpowder,Zen Headbutt,Bullet Punch,Facade,Light Screen,0,252,252,0,0,0
620,Metagross,Modest,Wise Glasses,Psychic,Flash Cannon,Shadow Ball,Sludge Bomb,0,0,252,252,0,0
756,Metagross,Adamant,Occa Berry,Hammer Arm,ThunderPunch,Ice Punch,Aerial Ace,0,252,252,0,0,0
892,Metagross,Adamant,Quick Claw,Meteor Mash,Zen Headbutt,Earthquake,Explosion,252,252,0,0,0,0
180,Metang,Quirky,Chesto Berry,Metal Claw,Confusion,Magnet Rise,Scary Face,0,252,0,252,0,0
280,Metang,Adamant,Shuca Berry,Meteor Mash,Zen Headbutt,Bullet Punch,Scary Face,252,252,0,0,0,0
176,Mightyena,Jolly,Razor Fang,Bite,Poison Fang,Howl,Roar,0,252,0,0,0,252
276,Mightyena,Adamant,Chople Berry,Crunch,Take Down,Sucker Punch,Howl,0,252,252,0,0,0
476,Milotic,Modest,Shell Bell,Surf,Ice Beam,Attract,Hypnosis,252,0,0,252,0,0
612,Milotic,Impish,Leftovers,Toxic,Confuse Ray,Double Team,Aqua Ring,252,0,252,0,0,0
748,Milotic,Calm,Wide Lens,Hydro Pump,Blizzard,Mirror Coat,Recover,0,0,0,252,252,0
884,Milotic,Modest,Lum Berry,Surf,Ice Beam,Dragon Pulse,Recover,252,0,0,252,0,0
403,Miltank,Impish,Cheri Berry,Return,Iron Head,Thunder Wave,Milk Drink,0,252,252,0,0,0
539,Miltank,Adamant,Salac Berry,Facade,Zen Headbutt,Reversal,Endure,0,252,0,0,0,252
675,Miltank,Adamant,Scope Lens,Dizzy Punch,Fire Punch,ThunderPunch,Ice Punch,0,252,252,0,0,0
811,Miltank,Adamant,Muscle Band,Giga Impact,Earthquake,Rock Slide,Zen Headbutt,0,252,0,0,0,252
51,Mime Jr.,Bold,Lax Incense,Copycat,Confusion,Barrier,Light Screen,0,0,0,252,252,0
147,Minun,Timid,Salac Berry,Shock Wave,Swift,Encore,Helping Hand,0,0,0,252,0,252
193,Misdreavus,Calm,Cheri Berry,Ominous Wind,Pain Split,Confuse Ray,Thunder Wave,0,0,0,252,252,0
293,Misdreavus,Modest,Kasib Berry,Shadow Ball,Psychic,Thunder Wave,Confuse Ray,0,0,0,252,0,252
413,Mismagius,Modest,Kasib Berry,Shadow Ball,Power Gem,Magical Leaf,Memento,0,0,0,252,0,252
549,Mismagius,Modest,Lum Berry,Shadow Ball,Confuse Ray,Perish Song,Mean Look,0,0,0,252,252,0
685,Mismagius,Timid,Wise Glasses,Shadow Ball,Energy Ball,Icy Wind,Destiny Bond,0,0,0,252,0,252
821,Mismagius,Timid,Focus Sash,Shadow Ball,Psychic,Thunderbolt,Destiny Bond,0,0,0,252,0,252
897,Moltres,Timid,Passho Berry,Flamethrower,Air Slash,AncientPower,Roost,0,0,0,252,0,252
911,Moltres,Timid,Heat Rock,Fire Blast,SolarBeam,Hyper Beam,Sunny Day,252,0,0,252,0,0
925,Moltres,Adamant,Power Herb,Sky Attack,Return,Steel Wing,U-turn,0,252,0,0,0,252
939,Moltres,Modest,White Herb,Overheat,Air Slash,AncientPower,Ominous Wind,0,0,0,252,0,252
161,Monferno,Adamant,Coba Berry,Mach Punch,Flame Wheel,Fury Swipes,Taunt,0,252,0,0,0,252
261,Monferno,Adamant,Scope Lens,Blaze Kick,Brick Break,Rock Slide,Torment,0,252,0,0,0,252
182,Mothim,Modest,Petaya Berry,Silver Wind,Air Cutter,PoisonPowder,Captivate,252,0,0,252,0,0
282,Mothim,Modest,Coba Berry,Bug Buzz,Air Slash,Psychic,PoisonPowder,252,0,0,252,0,0
369,Mr. Mime,Calm,Cheri Berry,Psychic,Signal Beam,Copycat,Mimic,0,0,0,252,252,0
505,Mr. Mime,Calm,Light Clay,Dream Eater,Hypnosis,Light Screen,Reflect,0,0,0,252,252,0
641,Mr. Mime,Modest,Kasib Berry,Psychic,Thunderbolt,Energy Ball,Hyper Beam,0,0,0,252,252,0
777,Mr. Mime,Modest,Choice Specs,Psychic,Charge Beam,Shadow Ball,Focus Blast,0,0,0,252,252,0
9,Mudkip,Modest,Mystic Water,Water Pulse,Icy Wind,Mud-Slap,Growl,252,0,0,252,0,0
418,Muk,Adamant,Black Sludge,Poison Jab,Shadow Sneak,Minimize,Acid Armor,252,252,0,0,0,0
554,Muk,Adamant,Expert Belt,Poison Jab,Fire Punch,ThunderPunch,Ice Punch,252,252,0,0,0,0
690,Muk,Brave,Zoom Lens,Gunk Shot,Payback,Shadow Sneak,Curse,252,252,0,0,0,0
826,Muk,Adamant,Quick Claw,Gunk Shot,Shadow Sneak,Brick Break,Explosion,252,252,0,0,0,0
132,Munchlax,Relaxed,Sitrus Berry,Metronome,Recycle,Stockpile,Swallow,0,0,252,0,252,0
144,Murkrow,Jolly,BlackGlasses,Faint Attack,Wing Attack,Torment,Taunt,0,252,0,0,0,252
57,Natu,Timid,Twisted Spoon,Night Shade,Air Cutter,Ominous Wind,Future Sight,0,0,0,252,0,252
408,Nidoking,Impish,Focus Band,Earthquake,Poison Jab,Double Kick,Counter,252,252,0,0,0,0
544,Nidoking,Careful,Brightpowder,Focus Punch,Dragon Pulse,Horn Drill,Substitute,170,0,170,0,170,0
680,Nidoking,Modest,Expert Belt,Earth Power,Sludge Bomb,Ice Beam,Shadow Ball,0,0,0,252,0,252
816,Nidoking,Adamant,Muscle Band,Earthquake,Poison Jab,Megahorn,Outrage,0,252,0,0,0,252
407,Nidoqueen,Adamant,Payapa Berry,Earthquake,Poison Fang,Aerial Ace,Charm,252,252,0,0,0,0
543,Nidoqueen,Adamant,Scope Lens,Poison Jab,Fire Punch,ThunderPunch,Ice Punch,252,252,0,0,0,0
679,Nidoqueen,Modest,Black Sludge,Sludge Bomb,Earth Power,Flamethrower,Ice Beam,252,0,0,252,0,0
815,Nidoqueen,Adamant,Razor Claw,Earthquake,Poison Jab,Superpower,Crunch,252,252,0,0,0,0
110,Nidorina,Adamant,Poison Barb,Poison Fang,Double Kick,Bite,Flatter,252,252,0,0,0,0
111,Nidorino,Adamant,Focus Band,Toxic,Double Kick,Facade,Flatter,252,252,0,0,0,0
434,Ninetales,Timid,Brightpowder,Fire Blast,SolarBeam,Attract,Sunny Day,0,0,0,252,0,252
570,Ninetales,Timid,White Herb,Overheat,Dark Pulse,Nasty Plot,Confuse Ray,0,0,0,252,0,252
706,Ninetales,Timid,Wide Lens,Heat Wave,Ominous Wind,Dream Eater,Hypnosis,0,0,0,0,252,252
842,Ninetales,Modest,Passho Berry,Flamethrower,Extrasensory,Energy Ball,Calm Mind,0,0,0,252,0,252
220,Ninjask,Adamant,Chesto Berry,Bug Bite,Aerial Ace,Sand-Attack,Baton Pass,252,252,0,0,0,0
320,Ninjask,Adamant,Razor Fang,X-Scissor,Aerial Ace,Night Slash,Baton Pass,252,252,0,0,0,0
203,Noctowl,Adamant,Persim Berry,Secret Power,Aerial Ace,Supersonic,Reflect,252,252,0,0,0,0
303,Noctowl,Quiet,Persim Berry,Air Slash,Swift,Psychic,Reflect,252,0,0,252,0,0
114,Nosepass,Modest,Hard Stone,AncientPower,Shock Wave,Thunder Wave,Sandstorm,0,0,252,252,0,0
46,Numel,Serious,Lax Incense,Magnitude,Ember,Rock Tomb,Sandstorm,0,252,0,252,0,0
88,Nuzleaf,Adamant,Aspear Berry,Razor Leaf,Faint Attack,Swagger,Harden,252,252,0,0,0,0
241,Octillery,Modest,Wacan Berry,Octazooka,Icy Wind,Thunder Wave,Focus Energy,252,0,0,252,0,0
341,Octillery,Modest,Life Orb,Octazooka,Flamethrower,Psychic,Thunder Wave,252,0,0,252,0,0
53,Oddish,Bold,Rose Incense,Mega Drain,Acid,Sweet Scent,Moonlight,0,0,0,252,252,0
101,Omanyte,Bold,Pecha Berry,AncientPower,Water Gun,Mud Shot,Protect,0,0,252,252,0,0
247,Omastar,Brave,Metronome,Water Gun,Rollout,Withdraw,Spikes,0,252,252,0,0,0
347,Omastar,Modest,Sitrus Berry,Surf,Stone Edge,Ice Beam,Toxic Spikes,0,0,252,252,0,0
123,Onix,Adamant,Hard Stone,Rock Slide,Dig,Screech,Sandstorm,0,252,252,0,0,0
148,Pachirisu,Jolly,Magnet,Spark,Quick Attack,Bite,Sweet Kiss,0,252,0,0,0,252
140,Parasect,Jolly,Aspear Berry,Bug Bite,Grass Knot,Scratch,Stun Spore,0,0,0,0,252,252
190,Pelipper,Modest,Chesto Berry,Water Pulse,Air Cutter,Stockpile,Swallow,0,0,252,252,0,0
290,Pelipper,Modest,Shell Bell,Surf,Air Cutter,Ice Beam,Tailwind,0,0,252,252,0,0
195,Persian,Jolly,Silk Scarf,Slash,U-turn,Captivate,Swagger,0,252,0,0,0,252
295,Persian,Adamant,Razor Claw,Slash,Shadow Claw,Bite,Fake Out,0,252,0,0,0,252
73,Phanpy,Adamant,Metronome,Rollout,Rock Tomb,Defense Curl,Sandstorm,252,252,0,0,0,0
233,Pidgeot,Adamant,Cheri Berry,Wing Attack,Facade,Tailwind,Sand-Attack,0,252,0,0,0,252
333,Pidgeot,Adamant,Razor Claw,Return,Aerial Ace,Steel Wing,U-turn,0,252,0,0,0,252
95,Pidgeotto,Adamant,Rawst Berry,Wing Attack,Quick Attack,FeatherDance,Mirror Move,0,252,0,0,0,252
29,Pikachu,Modest,Sitrus Berry,ThunderShock,Swift,Thunder Wave,Double Team,0,0,0,252,0,252
209,Piloswine,Modest,NeverMeltIce,Icy Wind,Mud Bomb,Mist,Hail,252,0,0,252,0,0
309,Piloswine,Adamant,Muscle Band,Ice Fang,Earthquake,Stone Edge,Curse,252,252,0,0,0,0
422,Pinsir,Adamant,Coba Berry,X-Scissor,Earthquake,Rock Slide,Swords Dance,0,252,252,0,0,0
558,Pinsir,Jolly,Salac Berry,X-Scissor,Revenge,Flail,Endure,0,252,0,0,0,252
694,Pinsir,Adamant,Lax Incense,X-Scissor,Superpower,Stone Edge,Giga Impact,0,252,252,0,0,0
830,Pinsir,Adamant,Scope Lens,X-Scissor,Earthquake,Close Combat,Guillotine,0,252,252,0,0,0
12,Piplup,Bashful,Rindo Berry,BubbleBeam,Aerial Ace,Growl,Supersonic,0,252,0,252,0,0
146,Plusle,Timid,Petaya Berry,Shock Wave,Swift,Fake Tears,Helping Hand,0,0,0,252,0,252
421,Politoed,Calm,Lax Incense,Surf,Hyper Voice,Mud Bomb,Swagger,0,0,0,252,252,0
557,Politoed,Impish,Chesto Berry,Dive,Brick Break,Hypnosis,Perish Song,252,252,0,0,0,0
693,Politoed,Careful,Chesto Berry,Waterfall,Earthquake,Belly Drum,Rest,0,252,0,0,252,0
829,Politoed,Modest,Wacan Berry,Hydro Pump,Ice Beam,Psychic,Hypnosis,0,0,0,252,252,0
122,Poliwhirl,Quirky,Liechi Berry,BubbleBeam,DoubleSlap,Mist,Rain Dance,0,252,0,252,0,0
416,Poliwrath,Modest,Rindo Berry,Surf,Vacuum Wave,Psychic,Double Team,252,0,0,252,0,0
552,Poliwrath,Adamant,Lax Incense,Waterfall,DynamicPunch,Poison Jab,Bulk Up,252,252,0,0,0,0
688,Poliwrath,Modest,Wide Lens,Hydro Pump,Focus Blast,Blizzard,Mud Bomb,252,0,0,252,0,0
824,Poliwrath,Adamant,Expert Belt,Waterfall,Focus Punch,Earthquake,Hypnosis,252,252,0,0,0,0
149,Ponyta,Adamant,Chesto Berry,Flame Wheel,Stomp,Will-O-Wisp,Tail Whip,0,252,0,0,0,252
134,Porygon,Modest,Persim Berry,Swift,Psybeam,Icy Wind,Recycle,252,0,0,252,0,0
444,Porygon2,Modest,Cheri Berry,Tri Attack,Charge Beam,Thunder Wave,Recycle,252,0,0,252,0,0
580,Porygon2,Quiet,Iron Ball,Tri Attack,Thunderbolt,Recover,Trick Room,252,0,0,252,0,0
716,Porygon2,Modest,Wise Glasses,Tri Attack,Thunderbolt,Psychic,Ice Beam,252,0,0,252,0,0
852,Porygon2,Modest,Lum Berry,Tri Attack,Signal Beam,Shadow Ball,Ice Beam,252,0,0,252,0,0
471,Porygon-Z,Modest,Sitrus Berry,Tri Attack,Shadow Ball,Recycle,Conversion 2,252,0,0,252,0,0
607,Porygon-Z,Timid,Choice Scarf,Tri Attack,Thunder Wave,Recover,Trick,0,0,0,252,0,252
743,Porygon-Z,Modest,Wise Glasses,Psychic,Ice Beam,Signal Beam,Charge Beam,252,0,0,252,0,0
879,Porygon-Z,Modest,Expert Belt,Tri Attack,Shadow Ball,Thunderbolt,Recover,0,0,0,252,0,252
213,Primeape,Jolly,Scope Lens,Karate Chop,Fury Swipes,Foresight,Focus Energy,0,252,0,0,0,252
313,Primeape,Adamant,Expert Belt,Cross Chop,Earthquake,Rock Slide,Swagger,0,252,0,0,0,252
162,Prinplup,Quiet,Wacan Berry,BubbleBeam,Metal Claw,Peck,Double Team,0,0,0,252,252,0
262,Prinplup,Bashful,Focus Band,Surf,Drill Peck,Metal Claw,Rain Dance,0,252,0,252,0,0
461,Probopass,Brave,Cheri Berry,AncientPower,Magnet Bomb,Thunder Wave,Protect,0,252,0,252,0,0
597,Probopass,Adamant,Chople Berry,Iron Head,Fire Punch,ThunderPunch,Ice Punch,0,252,0,0,252,0
733,Probopass,Adamant,Scope Lens,Stone Edge,Iron Head,Earthquake,Explosion,0,252,252,0,0,0
869,Probopass,Modest,Life Orb,Flash Cannon,Power Gem,Earth Power,Thunderbolt,0,0,0,252,252,0
54,Psyduck,Modest,Chesto Berry,Water Gun,Confusion,Water Sport,Disable,252,0,0,252,0,0
165,Pupitar,Adamant,Hard Stone,Rock Tomb,Dig,Scary Face,Sandstorm,252,252,0,0,0,0
265,Pupitar,Adamant,Soft Sand,Earthquake,Rock Slide,Crunch,Scary Face,252,252,0,0,0,0
210,Purugly,Adamant,Silk Scarf,Slash,Faint Attack,Attract,Growl,0,252,0,0,0,252
310,Purugly,Adamant,Liechi Berry,Body Slam,Shadow Claw,Attract,Fake Out,0,252,0,0,0,252
366,Quagsire,Adamant,Rindo Berry,Earthquake,Aqua Tail,Brick Break,Counter,252,252,0,0,0,0
502,Quagsire,Careful,Leftovers,Dive,Yawn,Curse,Amnesia,170,0,170,0,170,0
638,Quagsire,Modest,Quick Claw,Surf,Earth Power,Focus Blast,Sludge Bomb,252,0,0,252,0,0
774,Quagsire,Adamant,Muscle Band,Earthquake,Waterfall,Stone Edge,Ice Punch,252,252,0,0,0,0
155,Quilava,Adamant,Chesto Berry,Flame Wheel,Double Kick,Quick Attack,SmokeScreen,0,252,0,0,0,252
255,Quilava,Serious,Focus Band,Flamethrower,Crush Claw,Quick Attack,SmokeScreen,0,252,0,252,0,0
187,Qwilfish,Bashful,Cheri Berry,BubbleBeam,Toxic,Pin Missile,Harden,0,252,0,252,0,0
287,Qwilfish,Adamant,Focus Band,Aqua Tail,Poison Jab,Revenge,Destiny Bond,0,252,252,0,0,0
378,Raichu,Adamant,Wide Lens,ThunderPunch,Iron Tail,Slam,Quick Attack,0,252,0,0,0,252
514,Raichu,Jolly,Focus Band,ThunderPunch,Focus Punch,Sweet Kiss,Thunder Wave,0,252,0,0,0,252
650,Raichu,Timid,Petaya Berry,Thunderbolt,Focus Blast,Signal Beam,Nasty Plot,0,0,0,252,0,252
786,Raichu,Adamant,Brightpowder,Volt Tackle,Return,Brick Break,Thunder Wave,0,252,0,0,0,252
898,Raikou,Timid,Lum Berry,Thunderbolt,Shadow Ball,Thunder Wave,Light Screen,0,0,0,252,0,252
912,Raikou,Jolly,King's Rock,Thunder Fang,Crunch,Iron Head,Return,0,252,0,0,0,252
926,Raikou,Modest,Wise Glasses,Thunder,Extrasensory,Signal Beam,Rain Dance,0,0,0,252,0,252
940,Raikou,Modest,Shuca Berry,Thunderbolt,Extrasensory,Shadow Ball,Calm Mind,0,0,0,252,0,252
430,Rampardos,Adamant,Toxic Orb,Rock Slide,Facade,Crunch,Screech,252,252,0,0,0,0
566,Rampardos,Brave,Iron Ball,Stone Edge,Payback,Avalanche,Fling,252,252,0,0,0,0
702,Rampardos,Adamant,Life Orb,Head Smash,Zen Headbutt,Fire Punch,ThunderPunch,252,252,0,0,0,0
838,Rampardos,Jolly,Choice Scarf,Head Smash,Earthquake,Giga Impact,Superpower,0,252,0,0,0,252
417,Rapidash,Modest,Chesto Berry,Fire Blast,SolarBeam,Sunny Day,Rest,0,0,0,252,0,252
553,Rapidash,Modest,White Herb,Overheat,SolarBeam,Swift,Sunny Day,0,0,0,252,0,252
689,Rapidash,Adamant,Brightpowder,Flare Blitz,Poison Jab,Iron Tail,Horn Drill,0,252,0,0,0,252
825,Rapidash,Jolly,Chesto Berry,Flare Blitz,Megahorn,Double-Edge,Hypnosis,0,252,0,0,0,252
170,Raticate,Jolly,Silk Scarf,Endeavor,Pursuit,Quick Attack,Scary Face,0,252,0,0,0,252
270,Raticate,Bashful,Chople Berry,Super Fang,Hyper Fang,Shadow Ball,Scary Face,0,170,0,170,0,170
902,Regice,Modest,Lum Berry,Ice Beam,Signal Beam,Charge Beam,Amnesia,0,0,0,252,252,0
916,Regice,Impish,Leftovers,Avalanche,Hammer Arm,Double Team,Curse,252,0,252,0,0,0
930,Regice,Bold,Chesto Berry,Ice Beam,Flash Cannon,AncientPower,Rest,0,0,252,252,0,0
944,Regice,Modest,Shell Bell,Ice Beam,Thunderbolt,Hyper Beam,Focus Blast,252,0,0,252,0,0
908,Regigigas,Impish,Lax Incense,Return,Aerial Ace,Thunder Wave,Confuse Ray,170,0,170,0,170,0
922,Regigigas,Careful,Leftovers,Facade,Zen Headbutt,Double Team,Substitute,170,0,170,0,170,0
936,Regigigas,Modest,Wise Glasses,Earth Power,Focus Blast,Thunderbolt,AncientPower,252,0,0,252,0,0
950,Regigigas,Adamant,Brightpowder,Crush Grip,Earthquake,Stone Edge,Drain Punch,252,252,0,0,0,0
901,Regirock,Impish,Leftovers,Rock Slide,Earthquake,Brick Break,Sandstorm,0,252,252,0,0,0
915,Regirock,Adamant,Razor Claw,Fire Punch,ThunderPunch,Ice Punch,Drain Punch,252,252,0,0,0,0
929,Regirock,Careful,Chesto Berry,Stone Edge,Hammer Arm,Rest,Curse,252,0,0,0,252,0
943,Regirock,Careful,Quick Claw,Stone Edge,Earthquake,Hammer Arm,Explosion,0,252,0,0,252,0
903,Registeel,Modest,Lum Berry,Flash Cannon,Thunderbolt,Thunder Wave,Amnesia,252,0,0,252,0,0
917,Registeel,Adamant,Leftovers,Iron Head,Toxic,Double Team,Iron Defense,170,0,170,0,170,0
931,Registeel,Adamant,Razor Claw,Shadow Claw,Aerial Ace,ThunderPunch,Ice Punch,252,252,0,0,0,0
945,Registeel,Adamant,Shell Bell,Iron Head,Hammer Arm,Earthquake,Curse,170,0,170,0,170,0
244,Relicanth,Relaxed,Wave Incense,Water Pulse,Rock Tomb,Mud Sport,Harden,0,0,252,252,0,0
344,Relicanth,Impish,Chesto Berry,Aqua Tail,Rock Slide,Rest,Yawn,0,252,252,0,0,0
34,Remoraid,Modest,Petaya Berry,BubbleBeam,Aurora Beam,Mud-Slap,Supersonic,0,0,0,252,0,252
396,Rhydon,Adamant,Passho Berry,Earthquake,Rock Slide,Crunch,Scary Face,0,252,252,0,0,0
532,Rhydon,Adamant,Focus Sash,Earthquake,Fire Punch,ThunderPunch,Ice Punch,0,252,252,0,0,0
668,Rhydon,Brave,Persim Berry,Outrage,Hammer Arm,Shadow Claw,Avalanche,252,252,0,0,0,0
804,Rhydon,Adamant,Quick Claw,Earthquake,Stone Edge,Megahorn,Horn Drill,252,252,0,0,0,0
91,Rhyhorn,Adamant,Persim Berry,Dig,Rock Blast,Scary Face,Tail Whip,170,170,170,0,0,0
469,Rhyperior,Adamant,Focus Band,Rock Wrecker,Earthquake,Crunch,Roar,0,252,252,0,0,0
605,Rhyperior,Adamant,Expert Belt,Fire Punch,ThunderPunch,Ice Punch,Aqua Tail,0,252,252,0,0,0
741,Rhyperior,Impish,Focus Sash,Horn Drill,Avalanche,Payback,Counter,252,0,252,0,0,0
877,Rhyperior,Adamant,Choice Band,Rock Wrecker,Earthquake,Hammer Arm,Megahorn,252,252,0,0,0,0
24,Riolu,Adamant,Expert Belt,Brick Break,Bullet Punch,Foresight,Counter,0,252,0,0,0,252
138,Roselia,Modest,Black Sludge,Mega Drain,Toxic,GrassWhistle,Cotton Spore,0,0,0,252,252,0
437,Roserade,Calm,Coba Berry,Sludge Bomb,Magical Leaf,Stun Spore,Mud-Slap,0,0,0,252,252,0
573,Roserade,Calm,Big Root,Giga Drain,Leech Seed,Ingrain,Synthesis,0,0,0,252,252,0
709,Roserade,Modest,White Herb,Leaf Storm,Sludge Bomb,Hyper Beam,GrassWhistle,0,0,0,252,0,252
845,Roserade,Modest,White Herb,Leaf Storm,Sludge Bomb,Shadow Ball,Weather Ball,0,0,0,252,0,252
201,Rotom,Modest,Cheri Berry,ThunderShock,Astonish,Thunder Wave,Confuse Ray,0,0,0,252,0,252
301,Rotom,Modest,Magnet,Discharge,Ominous Wind,Thunder Wave,Double Team,0,0,0,252,0,252
117,Sableye,Impish,BlackGlasses,Faint Attack,Shadow Sneak,Fake Out,Detect,0,252,252,0,0,0
483,Salamence,Adamant,Cheri Berry,Dragon Claw,Aerial Ace,Aqua Tail,Scary Face,0,252,0,0,0,252
619,Salamence,Jolly,Razor Fang,Dragon Claw,Fire Fang,Thunder Fang,Dragon Dance,0,252,0,0,0,252
755,Salamence,Modest,Wise Glasses,Draco Meteor,Hydro Pump,Flamethrower,Ominous Wind,0,0,0,252,0,252
891,Salamence,Adamant,Lum Berry,Outrage,Crunch,Earthquake,Zen Headbutt,0,252,0,0,0,252
30,Sandshrew,Adamant,Soft Sand,Dig,Rock Tomb,Sandstorm,Sand-Attack,0,252,252,0,0,0
204,Sandslash,Adamant,Sitrus Berry,Dig,Rock Tomb,Defense Curl,Sandstorm,0,252,252,0,0,0
304,Sandslash,Adamant,Quick Claw,Earthquake,Rock Slide,Crush Claw,Sandstorm,0,252,252,0,0,0
357,Sceptile,Jolly,Liechi Berry,Leaf Blade,Crunch,Quick Attack,Screech,0,252,0,0,0,252
493,Sceptile,Timid,Leftovers,Giga Drain,Leech Seed,Toxic,Double Team,0,0,0,252,0,252
629,Sceptile,Adamant,Scope Lens,Leaf Blade,X-Scissor,Night Slash,Aerial Ace,0,252,0,0,0,252
765,Sceptile,Timid,Occa Berry,Leaf Storm,Dragon Pulse,Focus Blast,Hyper Beam,0,0,0,252,0,252
423,Scizor,Impish,Brightpowder,X-Scissor,Bullet Punch,Swords Dance,Baton Pass,0,252,252,0,0,0
559,Scizor,Careful,Sitrus Berry,Metal Claw,Night Slash,Iron Defense,Roost,0,252,0,0,252,0
695,Scizor,Jolly,Salac Berry,X-Scissor,Quick Attack,Reversal,Endure,0,252,0,0,0,252
831,Scizor,Adamant,Occa Berry,X-Scissor,Iron Head,Aerial Ace,Night Slash,0,252,252,0,0,0
249,Scyther,Jolly,Metronome,Fury Cutter,Wing Attack,Light Screen,Leer,252,0,0,0,0,252
349,Scyther,Adamant,Brightpowder,X-Scissor,Aerial Ace,Night Slash,Swords Dance,0,252,0,0,0,252
196,Seadra,Bold,Razor Claw,BubbleBeam,Aurora Beam,SmokeScreen,Rain Dance,0,0,252,252,0,0
296,Seadra,Modest,Shell Bell,Surf,Ice Beam,Twister,SmokeScreen,0,0,252,252,0,0
207,Seaking,Modest,Pecha Berry,Water Pulse,Psybeam,Supersonic,Rain Dance,252,0,0,252,0,0
307,Seaking,Adamant,Quick Claw,Aqua Tail,Poison Jab,Facade,Aqua Ring,252,252,0,0,0,0
166,Sealeo,Relaxed,Icy Rock,Aurora Beam,Water Pulse,Encore,Hail,252,0,0,252,0,0
266,Sealeo,Quiet,Chesto Berry,Ice Beam,Surf,Signal Beam,Hail,252,0,0,252,0,0
60,Seel,Adamant,Aspear Berry,Aqua Jet,Ice Shard,Fake Out,Encore,0,252,0,0,252,0
222,Seviper,Adamant,Scope Lens,Poison Tail,Lick,Knock Off,Glare,252,252,0,0,0,0
322,Seviper,Adamant,Black Sludge,Sludge Bomb,Crunch,Aqua Tail,Swagger,252,252,0,0,0,0
224,Sharpedo,Quirky,Cheri Berry,Water Pulse,Bite,Scary Face,Focus Energy,0,0,0,252,0,252
324,Sharpedo,Adamant,Wacan Berry,Crunch,Waterfall,Ice Fang,Swagger,0,252,0,0,0,252
16,Shedinja,Adamant,Lax Incense,Shadow Sneak,Fury Cutter,Confuse Ray,Sand-Attack,0,252,0,0,0,252
179,Shelgon,Quiet,Aspear Berry,DragonBreath,Headbutt,Protect,Scary Face,0,252,0,252,0,0
279,Shelgon,Adamant,Focus Band,Dragon Claw,Crunch,Dragon Dance,Scary Face,0,252,252,0,0,0
65,Shellos,Bold,Lax Incense,Water Pulse,Mud-Slap,Icy Wind,Harden,252,0,0,252,0,0
98,Shieldon,Sassy,Focus Band,Iron Head,Rock Tomb,Swagger,Iron Defense,0,252,252,0,0,0
388,Shiftry,Jolly,Persim Berry,Seed Bomb,Faint Attack,X-Scissor,Fake Out,0,252,0,0,0,252
524,Shiftry,Calm,Leftovers,Giga Drain,Leech Seed,Double Team,Synthesis,170,0,170,0,170,0
660,Shiftry,Modest,White Herb,Leaf Storm,Dark Pulse,Focus Blast,Shadow Ball,252,0,0,252,0,0
796,Shiftry,Adamant,Cheri Berry,Seed Bomb,Sucker Punch,Aerial Ace,Explosion,252,252,0,0,0,0
20,Shinx,Adamant,King's Rock,Thunder Fang,Bite,Howl,Leer,252,252,0,0,0,0
436,Shuckle,Impish,Lax Incense,Stone Edge,Bug Bite,Swagger,Power Trick,170,0,170,0,170,0
572,Shuckle,Careful,Grip Claw,Wrap,Swagger,Attract,Toxic,170,0,170,0,170,0
708,Shuckle,Impish,Lax Incense,Gyro Ball,Substitute,Double Team,Power Trick,170,0,170,0,170,0
844,Shuckle,Calm,Leftovers,Toxic,Substitute,Double Team,Sandstorm,170,0,170,0,170,0
26,Shuppet,Adamant,Spell Tag,Shadow Sneak,Knock Off,Will-O-Wisp,Grudge,252,252,0,0,0,0
373,Skarmory,Impish,Occa Berry,Drill Peck,Steel Wing,Spikes,Roar,0,252,252,0,0,0
509,Skarmory,Careful,Leftovers,Fly,Toxic,Double Team,Roost,170,0,170,0,170,0
645,Skarmory,Impish,Razor Claw,Drill Peck,Slash,Payback,Night Slash,0,252,252,0,0,0
781,Skarmory,Adamant,Life Orb,Brave Bird,Steel Wing,X-Scissor,Rock Slide,0,252,252,0,0,0
86,Skiploom,Hardy,Big Root,Mega Drain,Aerial Ace,Confusion,Cotton Spore,0,252,0,252,0,0
79,Skorupi,Impish,Poison Barb,Poison Fang,Bug Bite,Bite,Toxic Spikes,0,252,252,0,0,0
383,Skuntank,Adamant,Razor Claw,Sucker Punch,Poison Jab,Slash,Screech,252,252,0,0,0,0
519,Skuntank,Jolly,Chesto Berry,Crunch,Toxic,Swagger,Double Team,252,0,0,0,0,252
655,Skuntank,Timid,Shuca Berry,Sludge Bomb,Dark Pulse,Flamethrower,Shadow Ball,0,0,0,252,0,252
791,Skuntank,Jolly,Muscle Band,Poison Jab,Night Slash,Crunch,Explosion,0,252,0,0,0,252
486,Slaking,Impish,Lax Incense,Facade,Shadow Claw,Slack Off,Yawn,252,0,252,0,0,0
622,Slaking,Adamant,Lum Berry,Crush Claw,Fire Punch,ThunderPunch,Ice Punch,0,252,252,0,0,0
758,Slaking,Jolly,Life Orb,Return,Night Slash,Gunk Shot,Aerial Ace,0,252,0,0,0,252
894,Slaking,Adamant,Muscle Band,Giga Impact,Earthquake,Hammer Arm,Shadow Claw,252,252,0,0,0,0
397,Slowbro,Bold,Chesto Berry,Psychic,Surf,Calm Mind,Yawn,0,0,252,252,0,0
533,Slowbro,Adamant,Expert Belt,Zen Headbutt,Aqua Tail,Earthquake,Avalanche,252,252,0,0,0,0
669,Slowbro,Modest,Choice Specs,Psychic,Flamethrower,Shadow Ball,Signal Beam,252,0,0,252,0,0
805,Slowbro,Quiet,Leftovers,Psychic,Surf,Ice Beam,Trick Room,252,0,0,252,0,0
402,Slowking,Quiet,Shell Bell,Psychic,Brine,Yawn,Trick Room,170,0,170,0,170,0
538,Slowking,Adamant,Quick Claw,Zen Headbutt,Aqua Tail,Earthquake,Curse,252,252,0,0,0,0
674,Slowking,Modest,Lum Berry,Psychic,Shadow Ball,Signal Beam,Focus Blast,0,0,0,252,252,0
810,Slowking,Modest,Wise Glasses,Psychic,Surf,Ice Beam,Flamethrower,252,0,0,252,0,0
52,Slowpoke,Modest,Cheri Berry,Water Pulse,Confusion,Disable,Yawn,252,0,0,252,0,0
44,Smoochum,Mild,Brightpowder,Confusion,Icy Wind,Fake Out,Sweet Kiss,0,0,0,252,0,252
188,Sneasel,Jolly,Persim Berry,Faint Attack,Ice Shard,Leer,Taunt,0,252,0,0,0,252
288,Sneasel,Jolly,King's Rock,Ice Punch,Faint Attack,Crush Claw,Spite,0,252,0,0,0,252
473,Snorlax,Adamant,Leftovers,Return,Rock Slide,Curse,Yawn,252,252,0,0,0,0
609,Snorlax,Adamant,Chesto Berry,Fire Punch,ThunderPunch,Ice Punch,Rest,0,252,0,0,252,0
745,Snorlax,Adamant,White Herb,Outrage,Superpower,Gunk Shot,Seed Bomb,0,252,0,0,252,0
881,Snorlax,Adamant,Life Orb,Double-Edge,Earthquake,Zen Headbutt,Crunch,252,252,0,0,0,0
37,Snorunt,Adamant,King's Rock,Ice Fang,Headbutt,Bite,Protect,252,252,0,0,0,0
81,Snover,Adamant,NeverMeltIce,Ice Punch,Razor Leaf,GrassWhistle,Ingrain,252,252,0,0,0,0
33,Snubbull,Adamant,Razor Claw,Headbutt,Bite,Swagger,Scary Face,252,252,0,0,0,0
199,Solrock,Adamant,Sitrus Berry,Psywave,Rock Tomb,Cosmic Power,Light Screen,0,252,252,0,0,0
299,Solrock,Adamant,Passho Berry,Zen Headbutt,Rock Slide,Will-O-Wisp,Cosmic Power,0,252,252,0,0,0
108,Spinda,Adamant,Silk Scarf,Dizzy Punch,Drain Punch,Faint Attack,Teeter Dance,252,252,0,0,0,0
75,Spoink,Modest,Sitrus Berry,Psywave,Swift,Magic Coat,Confuse Ray,0,0,0,252,252,0
3,Squirtle,Adamant,Sea Incense,Aqua Jet,Bite,Withdraw,Protect,252,252,0,0,0,0
230,Stantler,Adamant,Liechi Berry,Stomp,Bite,Imprison,Confuse Ray,0,252,0,0,0,252
330,Stantler,Adamant,Chople Berry,Frustration,Zen Headbutt,Thunder Wave,Confuse Ray,0,252,0,0,0,252
381,Staraptor,Jolly,King's Rock,Return,Aerial Ace,Double Team,Roost,0,252,0,0,0,252
517,Staraptor,Jolly,King's Rock,Endeavor,Aerial Ace,Endure,Quick Attack,0,252,0,0,0,252
653,Staraptor,Adamant,Muscle Band,Brave Bird,Return,Steel Wing,Pursuit,0,252,0,0,0,252
789,Staraptor,Adamant,Choice Band,Brave Bird,Giga Impact,Close Combat,U-turn,0,252,0,0,0,252
90,Staravia,Adamant,Sharp Beak,Endeavor,Wing Attack,Quick Attack,Whirlwind,0,252,0,0,0,252
17,Starly,Adamant,Sharp Beak,Wing Attack,Quick Attack,Endeavor,Growl,0,252,0,0,0,252
450,Starmie,Timid,Lum Berry,Surf,Psychic,Confuse Ray,Thunder Wave,0,0,0,252,0,252
586,Starmie,Timid,Wide Lens,Hydro Pump,Blizzard,Thunder,Recover,0,0,0,252,0,252
722,Starmie,Modest,Wise Glasses,Surf,Psychic,Power Gem,Signal Beam,0,0,0,252,0,252
858,Starmie,Modest,Expert Belt,Surf,Psychic,Thunderbolt,Ice Beam,0,0,0,252,0,252
85,Staryu,Timid,Cheri Berry,BubbleBeam,Twister,Swift,Light Screen,0,0,0,252,0,252
439,Steelix,Impish,Passho Berry,Earthquake,Iron Head,Crunch,Sandstorm,0,252,252,0,0,0
575,Steelix,Adamant,Shuca Berry,Earthquake,Fire Fang,Thunder Fang,Ice Fang,0,252,252,0,0,0
711,Steelix,Relaxed,Iron Ball,Gyro Ball,Payback,Swagger,Curse,0,252,252,0,0,0
847,Steelix,Brave,Quick Claw,Gyro Ball,Earthquake,Stone Edge,Explosion,0,252,252,0,0,0
67,Stunky,Adamant,BlackGlasses,Pursuit,Toxic,Slash,SmokeScreen,0,252,0,0,0,252
163,Sudowoodo,Impish,Hard Stone,Rock Slide,Faint Attack,Sandstorm,Block,0,252,252,0,0,0
263,Sudowoodo,Adamant,Life Orb,Stone Edge,Earthquake,Mimic,Selfdestruct,0,252,252,0,0,0
900,Suicune,Calm,Focus Sash,Surf,Icy Wind,Ominous Wind,Mirror Coat,0,0,0,252,252,0
914,Suicune,Jolly,King's Rock,Waterfall,Ice Fang,Iron Head,Bite,0,252,0,0,0,252
928,Suicune,Bold,Lum Berry,Hydro Pump,Blizzard,Shadow Ball,Hail,0,0,252,252,0,0
942,Suicune,Modest,Wacan Berry,Surf,Ice Beam,Extrasensory,Calm Mind,252,0,0,252,0,0
184,Sunflora,Calm,Persim Berry,Mega Drain,Ingrain,Leech Seed,Light Screen,0,0,0,252,252,0
284,Sunflora,Modest,Sitrus Berry,Giga Drain,Sludge Bomb,GrassWhistle,Double Team,252,0,0,252,0,0
49,Swablu,Modest,Mental Herb,Air Cutter,Swift,Mirror Move,Attract,0,0,0,252,252,0
231,Swalot,Modest,Lax Incense,Sludge,Stockpile,Swallow,Spit Up,170,0,170,0,170,0
331,Swalot,Modest,Black Sludge,Sludge Bomb,Shadow Ball,Giga Drain,Yawn,252,0,0,252,0,0
359,Swampert,Adamant,Shell Bell,Waterfall,Earthquake,Ice Punch,Protect,252,252,0,0,0,0
495,Swampert,Adamant,Lum Berry,Aqua Tail,Earthquake,Hammer Arm,Curse,252,252,0,0,0,0
631,Swampert,Modest,Expert Belt,Muddy Water,Earth Power,Ice Beam,Counter,252,0,0,252,0,0
767,Swampert,Adamant,Rindo Berry,Earthquake,Aqua Tail,Avalanche,Mirror Coat,252,252,0,0,0,0
189,Swellow,Jolly,King's Rock,Pluck,Quick Attack,Focus Energy,Growl,0,252,0,0,0,252
289,Swellow,Adamant,Toxic Orb,Facade,Aerial Ace,Growl,U-turn,0,252,0,0,0,252
192,Tangela,Bold,Pecha Berry,Mega Drain,AncientPower,Toxic,Bind,0,0,252,252,0,0
292,Tangela,Bold,Pecha Berry,Giga Drain,Sludge Bomb,Wring Out,Ingrain,0,0,252,252,0,0
470,Tangrowth,Modest,Coba Berry,Energy Ball,Sludge Bomb,Focus Blast,Sleep Powder,0,0,252,252,0,0
606,Tangrowth,Bold,Big Root,Giga Drain,Leech Seed,Toxic,Double Team,170,0,170,170,0,0
742,Tangrowth,Modest,Heat Rock,SolarBeam,Wring Out,Synthesis,Sunny Day,0,0,252,252,0,0
878,Tangrowth,Adamant,Lax Incense,Power Whip,Earthquake,Aerial Ace,Brick Break,0,252,252,0,0,0
400,Tauros,Jolly,Persim Berry,Thrash,Zen Headbutt,Pursuit,Scary Face,0,252,0,0,0,252
536,Tauros,Adamant,Life Orb,Facade,Earthquake,Rock Slide,Payback,0,252,0,0,0,252
672,Tauros,Jolly,Lum Berry,Giga Impact,Earthquake,Outrage,Iron Tail,0,252,0,0,0,252
808,Tauros,Adamant,Choice Band,Return,Earthquake,Stone Edge,Zen Headbutt,0,252,0,0,0,252
70,Teddiursa,Impish,Chesto Berry,Secret Power,Faint Attack,Attract,Rest,252,252,0,0,0,0
82,Tentacool,Modest,Cheri Berry,BubbleBeam,Acid,Supersonic,Barrier,0,0,0,252,252,0
442,Tentacruel,Timid,Wacan Berry,Surf,Sludge Bomb,Icy Wind,Barrier,0,0,0,252,0,252
578,Tentacruel,Calm,Black Sludge,Toxic,Giga Drain,Attract,Confuse Ray,252,0,0,0,252,0
714,Tentacruel,Modest,Focus Sash,Surf,Sludge Bomb,Giga Drain,Mirror Coat,0,0,0,252,252,0
850,Tentacruel,Timid,Scope Lens,Hydro Pump,Sludge Bomb,Ice Beam,Wring Out,0,0,0,252,0,252
479,Togekiss,Adamant,Power Herb,Sky Attack,ExtremeSpeed,Drain Punch,Roost,0,252,0,0,252,0
615,Togekiss,Modest,Scope Lens,Air Slash,Ominous Wind,Silver Wind,AncientPower,252,0,0,252,0,0
751,Togekiss,Modest,Wise Glasses,Air Slash,Heat Wave,Signal Beam,Magical Leaf,0,0,0,252,0,252
887,Togekiss,Modest,Expert Belt,Hyper Beam,Air Slash,Aura Sphere,Psychic,0,0,0,252,0,252
143,Togetic,Calm,Chesto Berry,Air Cutter,Swift,Magical Leaf,Wish,0,0,0,252,252,0
8,Torchic,Hardy,Charcoal,Ember,Mirror Move,Mud-Slap,Double Team,0,252,0,252,0,0
235,Torkoal,Bold,Petaya Berry,Ember,Mud-Slap,Smog,Amnesia,0,0,252,252,0,0
335,Torkoal,Bold,Quick Claw,Heat Wave,SolarBeam,Earth Power,Sunny Day,0,0,252,252,0,0
360,Torterra,Adamant,Yache Berry,Earthquake,Grass Knot,Rock Slide,Curse,252,252,0,0,0,0
496,Torterra,Sassy,Leftovers,Giga Drain,Leech Seed,Synthesis,Amnesia,170,0,170,0,170,0
632,Torterra,Modest,Lax Incense,Frenzy Plant,Earth Power,Hyper Beam,Leech Seed,0,0,252,252,0,0
768,Torterra,Adamant,Quick Claw,Wood Hammer,Earthquake,Stone Edge,Crunch,252,252,0,0,0,0
6,Totodile,Adamant,Razor Claw,Dive,Slash,Screech,Scary Face,0,252,252,0,0,0
405,Toxicroak,Adamant,Black Sludge,Poison Jab,Brick Break,X-Scissor,Knock Off,0,252,0,0,0,252
541,Toxicroak,Adamant,Wide Lens,DynamicPunch,Poison Jab,ThunderPunch,Ice Punch,0,252,0,0,0,252
677,Toxicroak,Modest,Wise Glasses,Sludge Bomb,Focus Blast,Shadow Ball,Dark Pulse,0,0,0,252,0,252
813,Toxicroak,Adamant,Razor Claw,Gunk Shot,Cross Chop,Earthquake,Stone Edge,0,252,0,0,0,252
7,Treecko,Timid,Miracle Seed,Mega Drain,Swift,Flash,Double Team,0,0,0,252,0,252
226,Tropius,Adamant,Lansat Berry,Razor Leaf,Aerial Ace,Leech Seed,Captivate,252,252,0,0,0,0
326,Tropius,Modest,Occa Berry,Giga Drain,Air Slash,Synthesis,Sunny Day,252,0,0,252,0,0
10,Turtwig,Adamant,Occa Berry,Razor Leaf,Bite,Tickle,Withdraw,252,252,0,0,0,0
355,Typhlosion,Adamant,Scope Lens,Fire Punch,ThunderPunch,Shadow Claw,Quick Attack,0,252,0,0,0,252
491,Typhlosion,Serious,Salac Berry,Blast Burn,Earthquake,Reversal,Endure,0,252,0,252,0,0
627,Typhlosion,Adamant,Shuca Berry,Flare Blitz,Earthquake,Shadow Claw,Aerial Ace,0,252,0,0,0,252
763,Typhlosion,Modest,White Herb,Overheat,SolarBeam,Focus Blast,Sunny Day,0,0,0,252,0,252
482,Tyranitar,Brave,Focus Band,Rock Slide,Payback,Avalanche,Curse,0,252,0,0,252,0
618,Tyranitar,Jolly,Choice Scarf,Fire Punch,ThunderPunch,Ice Punch,Aerial Ace,0,252,0,0,0,252
754,Tyranitar,Adamant,White Herb,Superpower,Dragon Claw,Shadow Claw,Aqua Tail,0,252,252,0,0,0
890,Tyranitar,Adamant,Chople Berry,Stone Edge,Crunch,Earthquake,Dragon Dance,252,252,0,0,0,0
456,Umbreon,Careful,Leftovers,Payback,Confuse Ray,Curse,Baton Pass,0,0,252,0,252,0
592,Umbreon,Impish,Leftovers,Toxic,Mean Look,Double Team,Confuse Ray,0,0,252,0,252,0
728,Umbreon,Impish,Lax Incense,Faint Attack,Swagger,Psych Up,Screech,252,0,252,0,0,0
864,Umbreon,Impish,Brightpowder,Payback,Trump Card,Curse,Moonlight,0,0,252,0,252,0
425,Ursaring,Brave,Focus Sash,Slash,Payback,Avalanche,Counter,252,252,0,0,0,0
561,Ursaring,Adamant,Life Orb,Hammer Arm,Fire Punch,ThunderPunch,Ice Punch,252,252,0,0,0,0
697,Ursaring,Adamant,Toxic Orb,Facade,Superpower,Crunch,Protect,252,252,0,0,0,0
833,Ursaring,Adamant,Quick Claw,Return,Cross Chop,Earthquake,Aerial Ace,252,252,0,0,0,0
452,Vaporeon,Modest,Brightpowder,Surf,Ice Beam,Acid Armor,Baton Pass,252,0,0,252,0,0
588,Vaporeon,Modest,Damp Rock,Hydro Pump,Ice Beam,Acid Armor,Rain Dance,252,0,0,252,0,0
724,Vaporeon,Modest,Leftovers,Muddy Water,Blizzard,Aqua Ring,Yawn,252,0,0,252,0,0
860,Vaporeon,Modest,Expert Belt,Surf,Ice Beam,Shadow Ball,Signal Beam,252,0,0,252,0,0
205,Venomoth,Timid,Black Sludge,Silver Wind,Psybeam,Sleep Powder,Attract,0,0,0,252,0,252
305,Venomoth,Modest,SilverPowder,Bug Buzz,Sludge Bomb,Psychic,Supersonic,0,0,0,252,0,252
42,Venonat,Relaxed,SilverPowder,Bug Bite,PoisonPowder,Psybeam,Supersonic,252,0,0,252,0,0
351,Venusaur,Modest,White Herb,Leaf Storm,Sludge Bomb,Amnesia,Sleep Powder,0,0,0,252,252,0
487,Venusaur,Bold,Big Root,Giga Drain,Ingrain,Leech Seed,Sleep Powder,170,0,170,0,170,0
623,Venusaur,Adamant,Black Sludge,Seed Bomb,Earthquake,Outrage,Curse,0,252,0,0,252,0
759,Venusaur,Modest,Wise Glasses,Frenzy Plant,Sludge Bomb,Hyper Beam,Synthesis,252,0,0,252,0,0
377,Vespiquen,Modest,Scope Lens,Silver Wind,Air Cutter,Ominous Wind,Swagger,0,0,252,0,252,0
513,Vespiquen,Careful,Persim Berry,X-Scissor,Toxic,Heal Order,Destiny Bond,170,0,170,0,170,0
649,Vespiquen,Adamant,Muscle Band,X-Scissor,Aerial Ace,Pursuit,U-turn,252,252,0,0,0,0
785,Vespiquen,Adamant,Shell Bell,Attack Order,Defend Order,Heal Order,Confuse Ray,252,252,0,0,0,0
89,Vibrava,Modest,Aspear Berry,DragonBreath,Mud-Slap,Ominous Wind,Supersonic,0,0,0,252,0,252
385,Victreebel,Modest,Payapa Berry,Leaf Storm,Sludge Bomb,Sleep Powder,Gastro Acid,252,0,0,252,0,0
521,Victreebel,Adamant,Black Sludge,Seed Bomb,Spit Up,Swallow,Stockpile,252,252,0,0,0,0
657,Victreebel,Modest,Power Herb,Sludge Bomb,SolarBeam,Hyper Beam,Synthesis,252,0,0,252,0,0
793,Victreebel,Modest,Focus Band,SolarBeam,Sludge Bomb,Wring Out,Sunny Day,252,0,0,252,0,0
197,Vigoroth,Adamant,Focus Band,Slash,Pursuit,Encore,Counter,252,252,0,0,0,0
297,Vigoroth,Adamant,Salac Berry,Crush Claw,Shadow Claw,Reversal,Endure,0,252,0,0,0,252
384,Vileplume,Modest,Big Root,Giga Drain,Sludge Bomb,Sleep Powder,Ingrain,0,0,252,252,0,0
520,Vileplume,Bold,Black Sludge,Toxic,Grass Knot,Double Team,Attract,170,0,170,0,170,0
656,Vileplume,Adamant,Lum Berry,Seed Bomb,Drain Punch,Frustration,Swords Dance,0,252,0,0,252,0
792,Vileplume,Modest,Wise Glasses,Sludge Bomb,Energy Ball,Hyper Beam,Synthesis,252,0,0,252,0,0
136,Volbeat,Jolly,Liechi Berry,U-turn,Quick Attack,Confuse Ray,Helping Hand,0,252,0,0,0,252
68,Voltorb,Modest,Petaya Berry,Shock Wave,Swift,Thunder Wave,Light Screen,0,0,0,252,0,252
28,Vulpix,Calm,Brightpowder,Ember,Swift,Will-O-Wisp,Confuse Ray,0,0,0,252,252,0
139,Wailmer,Modest,Sea Incense,Water Pulse,Icy Wind,Roar,Mist,0,0,0,252,0,252
428,Wailord,Modest,Sitrus Berry,Surf,Ice Beam,Attract,Double Team,252,0,0,252,0,0
564,Wailord,Impish,Chesto Berry,Whirlpool,Toxic,Amnesia,Rest,170,0,170,0,170,0
700,Wailord,Adamant,Leftovers,Waterfall,Avalanche,Earthquake,Curse,252,252,0,0,0,0
836,Wailord,Modest,Quick Claw,Hydro Pump,Blizzard,Hyper Beam,Fissure,252,0,0,252,0,0
464,Walrein,Adamant,Chople Berry,Ice Fang,Aqua Tail,Swagger,Encore,252,252,0,0,0,0
600,Walrein,Brave,Life Orb,Avalanche,Earthquake,Crunch,Curse,252,252,0,0,0,0
736,Walrein,Bold,Lax Incense,Sheer Cold,Fissure,Rest,Sleep Talk,0,0,252,0,252,0
872,Walrein,Modest,Leftovers,Surf,Ice Beam,Signal Beam,Hail,252,0,0,252,0,0
153,Wartortle,Adamant,Focus Band,Aqua Jet,Bite,Rapid Spin,Yawn,252,252,0,0,0,0
253,Wartortle,Serious,Shell Bell,Surf,Ice Beam,Brick Break,Fake Out,252,0,0,252,0,0
440,Weavile,Adamant,Chople Berry,Night Slash,Ice Punch,Screech,Fake Out,0,252,0,0,0,252
576,Weavile,Jolly,Brightpowder,Night Slash,Attract,Double Team,Hail,0,252,0,0,0,252
712,Weavile,Adamant,Focus Sash,Night Slash,X-Scissor,Metal Claw,Counter,0,252,0,0,0,252
848,Weavile,Jolly,Razor Claw,Night Slash,Ice Punch,Aerial Ace,Brick Break,0,252,0,0,0,252
127,Weepinbell,Quiet,Scope Lens,Razor Leaf,Acid,Wrap,Sweet Scent,0,252,0,252,0,0
398,Weezing,Bold,Payapa Berry,Sludge Bomb,Dark Pulse,Shock Wave,Grudge,0,0,252,252,0,0
534,Weezing,Adamant,Sitrus Berry,Double Hit,Payback,Toxic,Swagger,0,252,252,0,0,0
670,Weezing,Sassy,Lax Incense,Sludge Bomb,Thunderbolt,Dark Pulse,Explosion,0,0,0,252,252,0
806,Weezing,Modest,Quick Claw,Sludge Bomb,Flamethrower,Shadow Ball,Destiny Bond,0,0,252,252,0,0
375,Whiscash,Modest,Shell Bell,Surf,Earth Power,Icy Wind,Amnesia,252,0,0,252,0,0
511,Whiscash,Adamant,Persim Berry,Aqua Tail,Earthquake,Rock Slide,Thrash,252,252,0,0,0,0
647,Whiscash,Modest,Zoom Lens,Hydro Pump,Earth Power,Blizzard,Fissure,252,0,0,252,0,0
783,Whiscash,Adamant,Muscle Band,Earthquake,Aqua Tail,Zen Headbutt,Stone Edge,252,252,0,0,0,0
183,Wigglytuff,Adamant,Silk Scarf,Secret Power,Grass Knot,Wish,Sing,252,252,0,0,0,0
283,Wigglytuff,Modest,Sitrus Berry,Hyper Voice,Shadow Ball,Sing,Dream Eater,252,0,0,252,0,0
145,Wobbuffet,Jolly,Focus Band,Counter,Mirror Coat,Charm,Splash,0,0,170,0,170,170
181,Wormadam,Adamant,Coba Berry,Razor Leaf,Bug Bite,Protect,Captivate,0,252,0,0,252,0
281,Wormadam,Modest,Coba Berry,Giga Drain,Signal Beam,Psychic,Attract,0,0,252,252,0,0
234,Xatu,Jolly,Sharp Beak,Zen Headbutt,Pluck,Tailwind,Future Sight,0,252,0,0,0,252
334,Xatu,Modest,Colbur Berry,Psychic,Air Cutter,Ominous Wind,Confuse Ray,0,0,0,252,0,252
131,Yanma,Timid,Lax Incense,Silver Wind,Air Cutter,Double Team,Detect,0,0,0,252,0,252
446,Yanmega,Timid,Coba Berry,Signal Beam,Air Cutter,Detect,Double Team,0,0,0,252,0,252
582,Yanmega,Adamant,Muscle Band,Aerial Ace,U-turn,Night Slash,Steel Wing,0,252,0,0,0,252
718,Yanmega,Modest,Lum Berry,Silver Wind,AncientPower,Ominous Wind,Giga Drain,0,0,0,252,0,252
854,Yanmega,Modest,Wise Glasses,Bug Buzz,Air Slash,Psychic,Shadow Ball,0,0,0,252,0,252
221,Zangoose,Adamant,Persim Berry,Scratch,Pursuit,Detect,Leer,0,252,0,0,0,252
321,Zangoose,Adamant,Razor Claw,Crush Claw,Shadow Claw,Aerial Ace,Taunt,0,252,0,0,0,252
896,Zapdos,Serious,Yache Berry,Thunder,Drill Peck,Thunder Wave,Rain Dance,0,252,0,0,0,252
910,Zapdos,Timid,Focus Band,Thunderbolt,AncientPower,Ominous Wind,Light Screen,0,0,0,252,0,252
924,Zapdos,Jolly,King's Rock,Drill Peck,Twister,Steel Wing,U-turn,0,252,0,0,0,252
938,Zapdos,Modest,Brightpowder,Thunderbolt,Air Cutter,Heat Wave,Signal Beam,0,0,0,252,0,252
